Property_ID,City,Location_Type,Listing_Type,BHK_Category,Sale_Price_INR,Rent_per_Month_INR
PROP0001,Nashik,Rural,RENT,2BHK,,18400.0
PROP0002,Nashik,Rural,RENT,2BHK,,7800.0
PROP0003,Chennai,Urban,rent,3BHK,,65500.0
PROP0004,Chennai,Urban,sale,3BHK,25276000.0,
PROP0005,Coimbatore,Rural,Sale,3 BHK,6609000.0,
PROP0007,Pune,urban,Sale,2BHK,23612000.0,
PROP0008,Nashik,Rural,Rent,3BHK,,17400.0
PROP0009,Patna,RURAL,Sale,2 BHK,2529000.0,
PROP0010,Bhopal,Rural,Rent,1BHK,,7700.0
PROP0011,Hyderabad,URBAN,Sale,3BHK,33043000.0,
PROP0012,Ahmedabad,Urban,Sale,3 BHK,20118000.0,
PROP0013,Mumbai,Urban,,2BHK,,59400.0
PROP0014,Ahmedabad,Urban,Rent,2 BHK,,46000.0
PROP0015,Jaipur,Rural,For Sale,2BHK,2105000.0,
PROP0016,Pune,Urban,SALE,2 BHK,11107000.0,
PROP0017,Delhi,Urban,RENT,2BHK,,45100.0
PROP0018,Chennai,urban,Sale,2BHK,15760000.0,
PROP0019,Bhopal,rural,sale,3BHK,8907000.0,
PROP0020,Kolkata,URBAN,rent,2 BHK,,39400.0
PROP0021,Delhi,Urban,For Rent,2BHK,,42800.0
PROP0022,Coimbatore,Rural,Rent,3BHK,,9999999.0
PROP0023,Chennai,urban,Rent,3BHK,,68900.0
PROP0024,Vadodara,Rural,sale,3BHK,6342000.0,
PROP0025,Ahmedabad,Urban,Rent,4BHK,,90100.0
PROP0026,Hyderabad,Urban,For Sale,1BHK,5658000.0,
PROP0027,Bhopal,Rural,rent,2BHK,,10000.0
PROP0028,Jaipur,Rural,Rent,2BHK,,17100.0
PROP0029,Bhopal,Rural,Rent,2BHK,,10800.0
PROP0030,Ahmedabad,Urban,Sale,2BHK,11635000.0,
PROP0031,Mumbai,URBAN,RENT,3 BHK,,33600.0
PROP0032,Coimbatore,RURAL,Rent,3 BHK,,11700.0
PROP0033,Lucknow,Rural,sale,1BHK,-2443000.0,
PROP0034,Indore,Rural,Sale,2BHK,7487000.0,
PROP0035,Bhopal,Rural,Sale,4BHK,12727000.0,
PROP0036,Jaipur,Rural,Rent,3BHK,,16500.0
PROP0037,Bhopal,,Sale,2BHK,5150000.0,
PROP0038,Mumbai,Urban,Sale,2 BHK,8368000.0,
PROP0039,Kolkata,urban,Rent,2BHK,,24500.0
PROP0041,Patna,rural,Sale,2BHK,7045000.0,
PROP0042,Nashik,Rural,Sale,1bhk,2629000.0,
PROP0043,Vadodara,,Rent,2BHK,,19200.0
PROP0044,Vadodara,Rural,Rent,2BHK,,18000.0
PROP0045,Mumbai,Urban,Rent,1BHK,,24300.0
PROP0046,Bangalore,Urban,SALE,2BHK,18356000.0,
PROP0047,Lucknow,Rural,Rent,2BHK,,19400.0
PROP0048,Nashik,Rural,Sale,1bhk,1743000.0,
PROP0049,Lucknow,rural,For Rent,3BHK,,18400.0
PROP0050,Mumbai,urban,Sale,4BHK,35576000.0,
PROP0051,Indore,Rural,Rent,3BHK,,17400.0
PROP0052,Coimbatore,rural,Sale,3BHK,7397000.0,
PROP0053,Hyderabad,urban,Rent,2BHK,,26700.0
PROP0054,Delhi,urban,For Sale,2BHK,25103000.0,
PROP0055,Coimbatore,Rural,Sale,1bhk,3574000.0,
PROP0057,Ahmedabad,Urban,Sale,2BHK,15981000.0,
PROP0058,Pune,Urban,Sale,2BHK,18131000.0,
PROP0059,Pune,Urban,Sale,1BHK,6687000.0,
PROP0060,Patna,Rural,Sale,2 BHK,5130000.0,
PROP0061,Bhopal,Rural,For Rent,1BHK,,9800.0
PROP0062,Chennai,Urban,Rent,3BHK,,62400.0
PROP0063,Lucknow,rural,Rent,3BHK,,7900.0
PROP0064,Jaipur,Rural,sale,2BHK,7807000.0,
PROP0065,Chennai,Urban,Rent,1 BHK,,9300.0
PROP0066,Bangalore,Urban,Rent,2BHK,,30900.0
PROP0067,Mumbai,Urban,sale,2BHK,9356000.0,
PROP0068,Chennai,Urban,For Rent,4BHK,,121300.0
PROP0069,Vadodara,Rural,For Sale,2 BHK,3623000.0,
PROP0070,Lucknow,Rural,Rent,2BHK,,7800.0
PROP0071,Bangalore,Urban,Rent,4BHK,,54600.0
PROP0072,Delhi,Urban,Rent,3BHK,,86100.0
PROP0073,Nashik,Rural,Rent,1 BHK,,4000.0
PROP0074,Patna,,Rent,3 BHK,,11900.0
PROP0075,Bangalore,Urban,For Sale,2BHK,10871000.0,
PROP0076,Nashik,Rural,Rent,2BHK,,17200.0
PROP0077,Patna,rural,Rent,2BHK,,12000.0
PROP0078,Bhopal,rural,Rent,3 BHK,,28500.0
PROP0079,Delhi,urban,Sale,4BHK,48173000.0,
PROP0080,Nashik,Rural,Sale,1BHK,2375000.0,
PROP0081,Lucknow,rural,Sale,2BHK,6813000.0,
PROP0082,Bhopal,Rural,Rent,2BHK,,10400.0
PROP0083,Coimbatore,Rural,Rent,4BHK,,15000.0
PROP0084,Ahmedabad,Urban,Sale,2BHK,14427000.0,
PROP0085,Kolkata,URBAN,SALE,4BHK,25254000.0,
PROP0086,Delhi,Urban,Rent,2BHK,,37200.0
PROP0087,Patna,Rural,For Rent,1BHK,,10400.0
PROP0088,Lucknow,Rural,Sale,2BHK,-4244000.0,
PROP0089,Delhi,Urban,Rent,2 BHK,,45800.0
PROP0090,Hyderabad,URBAN,Sale,2BHK,16600000.0,
PROP0091,Pune,Urban,Rent,2BHK,,24100.0
PROP0092,Hyderabad,Urban,Rent,3 BHK,,61700.0
PROP0094,Delhi,Urban,sale,2BHK,21184000.0,
PROP0095,Ahmedabad,Urban,Sale,1BHK,7691000.0,
PROP0096,Coimbatore,Rural,For Rent,3BHK,,27000.0
PROP0097,Pune,urban,Sale,1BHK,7521000.0,
PROP0098,Jaipur,Rural,RENT,2BHK,,11000.0
PROP0099,Vadodara,Rural,sale,2BHK,6739000.0,
PROP0100,Ahmedabad,urban,Sale,3BHK,31303000.0,
PROP0101,Nashik,rural,sale,3BHK,7580000.0,
PROP0102,Hyderabad,Urban,Sale,2BHK,15210000.0,
PROP0103,Bangalore,URBAN,Sale,2BHK,20726000.0,
PROP0104,Nashik,Rural,Sale,2BHK,3718000.0,
PROP0105,Bhopal,Rural,Rent,4BHK,,21600.0
PROP0106,Jaipur,RURAL,Sale,2bhk,7207000.0,
PROP0107,Kolkata,Urban,rent,3BHK,,35000.0
PROP0108,Mumbai,urban,sale,3BHK,34868000.0,
PROP0109,Vadodara,Rural,RENT,1 BHK,,2100.0
PROP0110,Ahmedabad,Urban,Sale,2BHK,15836000.0,
PROP0111,Nashik,Rural,Rent,4BHK,,19800.0
PROP0112,Patna,Rural,sale,2BHK,5882000.0,
PROP0113,Delhi,Urban,Sale,3BHK,13919000.0,
PROP0114,Chennai,Urban,Sale,3 BHK,14240000.0,
PROP0115,Nashik,Rural,,3 BHK,,16500.0
PROP0116,Patna,Rural,Rent,2BHK,,13800.0
PROP0117,Pune,Urban,Sale,3 BHK,26555000.0,
PROP0118,Pune,Urban,Rent,3BHK,,63000.0
PROP0119,Hyderabad,Urban,Rent,1 BHK,,26400.0
PROP0120,Coimbatore,Rural,For Rent,3BHK,,11300.0
PROP0121,Chennai,Urban,Rent,2BHK,,43500.0
PROP0122,Bhopal,Rural,Sale,1 BHK,3109000.0,
PROP0123,Nashik,rural,Sale,3 BHK,7841000.0,
PROP0124,Indore,RURAL,Sale,2BHK,5855000.0,
PROP0125,Jaipur,,Sale,2BHK,5559000.0,
PROP0126,Pune,urban,Rent,1BHK,,28600.0
PROP0127,Kolkata,Urban,Rent,1BHK,,20200.0
PROP0129,Bhopal,Rural,Rent,2BHK,,13000.0
PROP0130,Vadodara,RURAL,For Rent,2BHK,,14800.0
PROP0131,Lucknow,Rural,Rent,4BHK,,22600.0
PROP0132,Lucknow,,Sale,1BHK,3542000.0,
PROP0134,Patna,Rural,For Sale,4BHK,5599000.0,
PROP0135,Hyderabad,urban,Sale,4BHK,23027000.0,
PROP0136,Vadodara,Rural,Rent,1 BHK,,2100.0
PROP0137,Patna,Rural,Rent,3BHK,,13900.0
PROP0138,Coimbatore,Rural,Rent,4BHK,,33800.0
PROP0139,Ahmedabad,urban,Rent,2bhk,,25200.0
PROP0140,Lucknow,rural,Sale,1BHK,2307000.0,
PROP0141,Indore,RURAL,SALE,1BHK,1039000.0,
PROP0142,Indore,Rural,sale,2 BHK,4018000.0,
PROP0143,Jaipur,Rural,rent,2BHK,,20600.0
PROP0144,Bangalore,Urban,SALE,2BHK,20548000.0,
PROP0145,Delhi,Urban,Sale,2BHK,-14358000.0,
PROP0146,Bangalore,urban,Rent,3BHK,,35800.0
PROP0147,Lucknow,Rural,Sale,1BHK,2603000.0,
PROP0148,Hyderabad,URBAN,Rent,1BHK,,20400.0
PROP0149,Nashik,Rural,Sale,1BHK,2683000.0,
PROP0150,Lucknow,Rural,Rent,4BHK,,37700.0
PROP0151,Bangalore,Urban,sale,2BHK,17205000.0,
PROP0153,Ahmedabad,Urban,Rent,3 BHK,,50000.0
PROP0154,Mumbai,Urban,For Rent,1BHK,,23600.0
PROP0156,Delhi,urban,Sale,2BHK,10072000.0,
PROP0157,Lucknow,rural,sale,4BHK,8705000.0,
PROP0160,Delhi,URBAN,For Sale,1 BHK,6552000.0,
PROP0161,Hyderabad,Urban,sale,3BHK,23063000.0,
PROP0162,Vadodara,Rural,Rent,3BHK,,9999999.0
PROP0163,Mumbai,Urban,RENT,3 BHK,,52900.0
PROP0164,Bhopal,Rural,rent,1 BHK,,6400.0
PROP0165,Bangalore,Urban,Rent,3 BHK,,51800.0
PROP0166,Pune,Urban,Sale,3BHK,34711000.0,
PROP0167,Coimbatore,Rural,For Rent,1BHK,,7200.0
PROP0168,Mumbai,urban,Rent,4BHK,,78800.0
PROP0169,Delhi,Urban,Sale,2BHK,16964000.0,
PROP0170,Lucknow,,sale,4BHK,9322000.0,
PROP0171,Bangalore,Urban,Rent,2bhk,,24100.0
PROP0172,Nashik,rural,Sale,3BHK,10325000.0,
PROP0173,Mumbai,Urban,Rent,3 BHK,,56300.0
PROP0174,Indore,rural,Sale,4BHK,5817000.0,
PROP0175,Coimbatore,RURAL,rent,2 BHK,,17100.0
PROP0177,Hyderabad,Urban,For Sale,2BHK,23537000.0,
PROP0178,Ahmedabad,Urban,Sale,2BHK,10094000.0,
PROP0179,Delhi,urban,Sale,2BHK,17934000.0,
PROP0180,Nashik,Rural,Sale,3BHK,9600000.0,
PROP0181,Indore,Rural,Sale,1BHK,1946000.0,
PROP0182,Ahmedabad,urban,,2BHK,,16700.0
PROP0183,Patna,rural,Sale,3BHK,6759000.0,
PROP0184,Vadodara,rural,Sale,3BHK,7680000.0,
PROP0186,Lucknow,RURAL,Sale,3BHK,6197000.0,
PROP0187,Mumbai,Urban,Sale,2BHK,11545000.0,
PROP0188,Bangalore,urban,Sale,1BHK,8044000.0,
PROP0190,Ahmedabad,URBAN,Sale,2BHK,16982000.0,
PROP0191,Delhi,Urban,rent,1BHK,,27000.0
PROP0192,Nashik,rural,Sale,1BHK,2348000.0,
PROP0193,Patna,Rural,Sale,3BHK,9059000.0,
PROP0195,Bhopal,Rural,Rent,3BHK,,21900.0
PROP0197,Nashik,Rural,rent,4BHK,,35600.0
PROP0199,Kolkata,Urban,Sale,1 BHK,11723000.0,
PROP0200,Lucknow,Rural,rent,3BHK,,19000.0
PROP0201,Jaipur,Rural,,3BHK,,13200.0
PROP0202,Patna,,Rent,3BHK,,19800.0
PROP0203,Mumbai,Urban,Sale,4BHK,45722000.0,
PROP0204,Chennai,Urban,sale,1BHK,8350000.0,
PROP0205,Hyderabad,urban,rent,1bhk,,19600.0
PROP0206,Bangalore,urban,Sale,3 BHK,16138000.0,
PROP0208,Bhopal,Rural,For Sale,3BHK,8388000.0,
PROP0209,Hyderabad,Urban,Sale,1BHK,5488000.0,
PROP0210,Coimbatore,Rural,RENT,2BHK,,15600.0
PROP0211,Coimbatore,Rural,RENT,3BHK,,17700.0
PROP0213,Coimbatore,Rural,Sale,4BHK,11001000.0,
PROP0214,Coimbatore,Rural,Sale,1BHK,2545000.0,
PROP0215,Jaipur,Rural,rent,1bhk,,7400.0
PROP0216,Patna,rural,SALE,2BHK,2812000.0,
PROP0217,Patna,Rural,Rent,2BHK,,12200.0
PROP0218,Bangalore,Urban,RENT,3BHK,,81900.0
PROP0219,Chennai,Urban,rent,2BHK,,27000.0
PROP0220,Patna,Rural,Rent,2BHK,,8200.0
PROP0221,Mumbai,Urban,Sale,3BHK,28454000.0,
PROP0222,Vadodara,Rural,SALE,2BHK,5082000.0,
PROP0223,Kolkata,Urban,rent,3BHK,,88400.0
PROP0224,Jaipur,Rural,SALE,3BHK,5901000.0,
PROP0225,Mumbai,Urban,sale,4BHK,43313000.0,
PROP0226,Kolkata,urban,Rent,3BHK,,47400.0
PROP0228,Patna,RURAL,Rent,2BHK,,11400.0
PROP0229,Pune,URBAN,sale,2BHK,-18694000.0,
PROP0230,Kolkata,Urban,Rent,3BHK,,91200.0
PROP0231,Nashik,Rural,Rent,2BHK,,19100.0
PROP0232,Patna,Rural,Rent,2BHK,,11100.0
PROP0233,Delhi,Urban,sale,3BHK,24952000.0,
PROP0234,Kolkata,Urban,Rent,3BHK,,33400.0
PROP0235,Bhopal,Rural,Sale,1bhk,2601000.0,
PROP0236,Bhopal,rural,Sale,1bhk,3006000.0,
PROP0237,Mumbai,urban,Sale,2BHK,24522000.0,
PROP0238,Indore,,Rent,3BHK,,13700.0
PROP0239,Hyderabad,Urban,Sale,3BHK,27183000.0,
PROP0240,Kolkata,Urban,Sale,1BHK,5600000.0,
PROP0241,Bangalore,Urban,Sale,3BHK,13400000.0,
PROP0242,Indore,Rural,For Sale,3BHK,9606000.0,
PROP0243,Kolkata,Urban,rent,3BHK,,75000.0
PROP0244,Chennai,Urban,Rent,2 BHK,,60500.0
PROP0245,Hyderabad,urban,Sale,1BHK,6822000.0,
PROP0246,Indore,rural,rent,1 BHK,,4000.0
PROP0248,Delhi,Urban,Rent,2BHK,,21300.0
PROP0249,Coimbatore,Rural,Sale,2BHK,5423000.0,
PROP0250,Bangalore,Urban,Rent,2BHK,,45400.0
PROP0251,Jaipur,Rural,rent,2BHK,,8100.0
PROP0252,Mumbai,Urban,Sale,3BHK,27585000.0,
PROP0253,Nashik,Rural,Rent,4BHK,,36600.0
PROP0254,Hyderabad,Urban,Rent,3 BHK,,79600.0
PROP0255,Jaipur,RURAL,Rent,,,8700.0
PROP0256,Nashik,,Rent,,,12300.0
PROP0257,Pune,Urban,SALE,2BHK,10421000.0,
PROP0258,Mumbai,Urban,For Sale,2BHK,20766000.0,
PROP0259,Hyderabad,Urban,Sale,3BHK,31807000.0,
PROP0260,Bangalore,urban,RENT,3BHK,,36100.0
PROP0261,Pune,Urban,Rent,1BHK,,25900.0
PROP0262,Indore,rural,Sale,3BHK,5970000.0,
PROP0264,Kolkata,Urban,Rent,4BHK,,106200.0
PROP0265,Jaipur,Rural,Rent,2BHK,,18300.0
PROP0266,Bhopal,Rural,Rent,3BHK,,16100.0
PROP0267,Patna,Rural,Sale,3BHK,6565000.0,
PROP0268,Bangalore,Urban,Sale,2bhk,13785000.0,
PROP0269,Patna,Rural,Sale,1BHK,-1758000.0,
PROP0270,Nashik,Rural,Rent,1 BHK,,6100.0
PROP0271,Nashik,Rural,Sale,2BHK,6972000.0,
PROP0272,Jaipur,Rural,Rent,2BHK,,12300.0
PROP0273,Bangalore,urban,Rent,2BHK,,31500.0
PROP0275,Bangalore,Urban,Sale,2BHK,-18094000.0,
PROP0276,Jaipur,,For Sale,1BHK,2927000.0,
PROP0277,Delhi,Urban,Rent,3BHK,,76200.0
PROP0279,Chennai,urban,rent,2BHK,,9999999.0
PROP0280,Vadodara,Rural,Sale,3BHK,7650000.0,
PROP0281,Bangalore,Urban,Sale,1BHK,8447000.0,
PROP0282,Indore,Rural,Sale,2BHK,3639000.0,
PROP0283,Bangalore,URBAN,Sale,1BHK,5479000.0,
PROP0284,Bhopal,Rural,Sale,2BHK,5274000.0,
PROP0285,Patna,Rural,Sale,3BHK,6139000.0,
PROP0286,Hyderabad,Urban,sale,3BHK,26075000.0,
PROP0287,Indore,rural,For Sale,2BHK,2563000.0,
PROP0288,Delhi,URBAN,Rent,3BHK,,43500.0
PROP0289,Delhi,Urban,RENT,4BHK,,60100.0
PROP0290,Bangalore,Urban,SALE,3 BHK,-30225000.0,
PROP0291,Pune,urban,,3BHK,,86300.0
PROP0292,Lucknow,Rural,Rent,2BHK,,10800.0
PROP0293,Patna,Rural,Sale,3BHK,11176000.0,
PROP0294,Bhopal,rural,sale,2BHK,6260000.0,
PROP0295,Delhi,Urban,sale,3BHK,27093000.0,
PROP0296,Chennai,urban,Sale,3BHK,34876000.0,
PROP0297,Patna,Rural,sale,2BHK,5716000.0,
PROP0298,Bangalore,urban,Sale,4BHK,42660000.0,
PROP0299,Ahmedabad,Urban,Rent,2BHK,,46100.0
PROP0301,Hyderabad,Urban,For Rent,3BHK,,70800.0
PROP0302,Indore,RURAL,RENT,3BHK,,25800.0
PROP0304,Mumbai,Urban,For Sale,3BHK,16424000.0,
PROP0305,Pune,Urban,Rent,2BHK,,50200.0
PROP0306,Jaipur,rural,Rent,2 BHK,,10800.0
PROP0307,Mumbai,Urban,Rent,2BHK,,37900.0
PROP0308,Bangalore,urban,Sale,3BHK,17285000.0,
PROP0309,Bangalore,Urban,Sale,1bhk,8489000.0,
PROP0311,Vadodara,Rural,Rent,1BHK,,3500.0
PROP0312,Delhi,Urban,rent,3BHK,,34300.0
PROP0313,Mumbai,Urban,Rent,1BHK,,27400.0
PROP0314,Nashik,Rural,SALE,1BHK,1699000.0,
PROP0315,Pune,Urban,Sale,2BHK,12320000.0,
PROP0316,Hyderabad,urban,Sale,2BHK,17695000.0,
PROP0317,Bhopal,Rural,Sale,4BHK,11618000.0,
PROP0318,Patna,Rural,SALE,2BHK,5855000.0,
PROP0319,Jaipur,Rural,RENT,1BHK,,9000.0
PROP0320,Bhopal,Rural,RENT,4BHK,,15600.0
PROP0321,Delhi,URBAN,Sale,2 BHK,19239000.0,
PROP0322,Lucknow,Rural,Rent,3BHK,,27200.0
PROP0323,Bangalore,Urban,SALE,2BHK,19256000.0,
PROP0324,Delhi,Urban,Sale,2BHK,17032000.0,
PROP0325,Jaipur,RURAL,Sale,2bhk,4632000.0,
PROP0327,Lucknow,,Sale,2BHK,6394000.0,
PROP0328,Kolkata,urban,rent,2BHK,,42800.0
PROP0329,Kolkata,Urban,Rent,2BHK,,53600.0
PROP0330,Bangalore,URBAN,Sale,1bhk,5960000.0,
PROP0331,Indore,Rural,Rent,3BHK,,21700.0
PROP0333,Mumbai,URBAN,Sale,2BHK,15003000.0,
PROP0335,Indore,Rural,Sale,1BHK,3059000.0,
PROP0336,Coimbatore,Rural,rent,3 BHK,,22500.0
PROP0338,Lucknow,,Sale,2BHK,4324000.0,
PROP0340,Bangalore,urban,Sale,2bhk,19203000.0,
PROP0341,Indore,,Sale,3BHK,6754000.0,
PROP0342,Ahmedabad,urban,rent,2BHK,,38300.0
PROP0343,Chennai,Urban,SALE,2BHK,13169000.0,
PROP0344,Jaipur,Rural,RENT,2BHK,,13900.0
PROP0346,Lucknow,Rural,Sale,1BHK,4107000.0,
PROP0347,Chennai,Urban,,2BHK,,42800.0
PROP0348,Jaipur,Rural,Sale,2BHK,4405000.0,
PROP0349,Nashik,RURAL,Rent,2BHK,,11700.0
PROP0350,Coimbatore,Rural,Sale,1BHK,1642000.0,
PROP0351,Mumbai,URBAN,SALE,1BHK,8820000.0,
PROP0352,Coimbatore,Rural,Sale,1BHK,3882000.0,
PROP0353,Delhi,urban,Sale,2BHK,15762000.0,
PROP0354,Kolkata,Urban,Sale,1bhk,9506000.0,
PROP0355,Jaipur,RURAL,SALE,4BHK,-9247000.0,
PROP0356,Jaipur,Rural,Rent,1BHK,,12000.0
PROP0357,Pune,URBAN,Rent,2 BHK,,23500.0
PROP0358,Vadodara,rural,Sale,4BHK,5901000.0,
PROP0359,Hyderabad,urban,For Rent,1 BHK,,27700.0
PROP0360,Jaipur,rural,Rent,3BHK,,19900.0
PROP0361,Nashik,,Sale,3BHK,10400000.0,
PROP0362,Pune,Urban,Sale,1BHK,11525000.0,
PROP0363,Vadodara,Rural,Sale,1BHK,-3653000.0,
PROP0364,Delhi,Urban,Sale,2BHK,19556000.0,
PROP0366,Vadodara,Rural,Rent,4BHK,,31600.0
PROP0367,Hyderabad,Urban,Sale,4BHK,35508000.0,
PROP0368,Lucknow,Rural,Sale,2BHK,3252000.0,
PROP0369,Ahmedabad,Urban,Sale,2bhk,13238000.0,
PROP0370,Mumbai,urban,Sale,3BHK,18000000.0,
PROP0371,Coimbatore,rural,Rent,1BHK,,4900.0
PROP0372,Delhi,URBAN,Sale,1BHK,-9093000.0,
PROP0373,Bangalore,Urban,SALE,4BHK,35078000.0,
PROP0374,Kolkata,Urban,Rent,3BHK,,71000.0
PROP0375,Lucknow,Rural,Sale,2BHK,2639000.0,
PROP0376,Bangalore,URBAN,Rent,2BHK,,46800.0
PROP0377,Mumbai,Urban,rent,2BHK,,28900.0
PROP0378,Vadodara,RURAL,rent,1bhk,,7200.0
PROP0379,Ahmedabad,urban,RENT,1BHK,,24000.0
PROP0381,Delhi,urban,Sale,2BHK,16074000.0,
PROP0382,Pune,urban,For Sale,1BHK,4181000.0,
PROP0383,Pune,Urban,Rent,4BHK,,114900.0
PROP0384,Coimbatore,,RENT,1 BHK,,5200.0
PROP0385,Indore,Rural,sale,1 BHK,2039000.0,
PROP0386,Vadodara,Rural,Sale,3BHK,6708000.0,
PROP0389,Patna,Rural,RENT,3BHK,,22300.0
PROP0390,Nashik,rural,Rent,4BHK,,39600.0
PROP0391,Indore,RURAL,rent,2BHK,,8300.0
PROP0392,Patna,,Sale,2BHK,2884000.0,
PROP0393,Hyderabad,Urban,RENT,3BHK,,34100.0
PROP0394,Bangalore,Urban,Sale,2BHK,24279000.0,
PROP0395,Patna,Rural,Sale,3 BHK,4590000.0,
PROP0396,Chennai,urban,SALE,2BHK,16893000.0,
PROP0398,Pune,URBAN,Rent,1 BHK,,27700.0
PROP0400,Bangalore,Urban,RENT,1BHK,,21300.0
PROP0401,Nashik,Rural,rent,2BHK,,17900.0
PROP0403,Indore,RURAL,Sale,3BHK,5172000.0,
PROP0404,Mumbai,URBAN,For Sale,2BHK,22806000.0,
PROP0405,Delhi,URBAN,Rent,3 BHK,,78100.0
PROP0406,Bangalore,Urban,rent,1BHK,,23000.0
PROP0407,Mumbai,Urban,Rent,2BHK,,35000.0
PROP0408,Nashik,Rural,Rent,3 BHK,,12900.0
PROP0409,Patna,Rural,Sale,2BHK,6749000.0,
PROP0410,Bangalore,Urban,Rent,4BHK,,53700.0
PROP0411,Hyderabad,URBAN,Rent,3BHK,,64900.0
PROP0412,Delhi,Urban,rent,4BHK,,101900.0
PROP0413,Hyderabad,Urban,Rent,2BHK,,29200.0
PROP0414,Lucknow,Rural,Rent,1 BHK,,9100.0
PROP0415,Jaipur,Rural,Sale,2BHK,6371000.0,
PROP0416,Nashik,RURAL,Rent,3BHK,,25100.0
PROP0417,Ahmedabad,Urban,rent,1BHK,,15900.0
PROP0418,Nashik,Rural,For Sale,2BHK,2949000.0,
PROP0419,Delhi,Urban,sale,2BHK,11771000.0,
PROP0420,Coimbatore,Rural,Sale,2BHK,5385000.0,
PROP0421,Bangalore,Urban,Rent,1 BHK,,11200.0
PROP0422,Patna,Rural,SALE,4BHK,7611000.0,
PROP0423,Lucknow,rural,,3BHK,,22400.0
PROP0424,Nashik,Rural,Sale,4BHK,6485000.0,
PROP0426,Ahmedabad,urban,Sale,1BHK,5177000.0,
PROP0427,Mumbai,urban,Rent,1BHK,,13000.0
PROP0428,Coimbatore,Rural,sale,2BHK,5070000.0,
PROP0429,Patna,Rural,Rent,3BHK,,29300.0
PROP0430,Kolkata,Urban,RENT,3BHK,,48800.0
PROP0432,Ahmedabad,Urban,Sale,2BHK,21639000.0,
PROP0433,Ahmedabad,Urban,For Rent,2BHK,,28400.0
PROP0434,Coimbatore,Rural,RENT,3 BHK,,24300.0
PROP0435,Lucknow,Rural,For Rent,2bhk,,7100.0
PROP0436,Vadodara,Rural,Rent,2BHK,,17400.0
PROP0437,Bangalore,Urban,Sale,4BHK,17693000.0,
PROP0438,Delhi,urban,Sale,3BHK,22798000.0,
PROP0439,Pune,Urban,Sale,1BHK,5540000.0,
PROP0440,Delhi,Urban,Rent,2BHK,,38600.0
PROP0441,Vadodara,RURAL,RENT,3BHK,,30700.0
PROP0442,Delhi,Urban,SALE,2BHK,18635000.0,
PROP0443,Bhopal,Rural,Rent,2BHK,,7200.0
PROP0444,Delhi,Urban,Sale,3BHK,27640000.0,
PROP0445,Indore,rural,Sale,2BHK,3720000.0,
PROP0446,Lucknow,Rural,sale,4BHK,13803000.0,
PROP0447,Hyderabad,Urban,rent,2bhk,,46000.0
PROP0448,Chennai,Urban,Sale,3BHK,28850000.0,
PROP0449,Hyderabad,Urban,rent,3 BHK,,56800.0
PROP0450,Lucknow,,Rent,3BHK,,30300.0
PROP0451,Chennai,urban,SALE,2BHK,21238000.0,
PROP0452,Mumbai,Urban,Sale,3BHK,31137000.0,
PROP0453,Kolkata,URBAN,Sale,3BHK,34326000.0,
PROP0454,Bangalore,Urban,Sale,1BHK,8384000.0,
PROP0455,Coimbatore,,Sale,3BHK,6014000.0,
PROP0456,Nashik,Rural,Sale,1BHK,2121000.0,
PROP0457,Bangalore,Urban,Sale,1 BHK,5366000.0,
PROP0458,Coimbatore,Rural,Rent,2BHK,,15700.0
PROP0459,Lucknow,Rural,Sale,3BHK,9910000.0,
PROP0460,Pune,Urban,sale,2 BHK,13598000.0,
PROP0461,Patna,Rural,sale,1BHK,1797000.0,
PROP0462,Bhopal,Rural,Sale,2 BHK,4543000.0,
PROP0463,Patna,Rural,Rent,3BHK,,27800.0
PROP0464,Patna,Rural,sale,2 BHK,7701000.0,
PROP0465,Ahmedabad,Urban,Sale,2BHK,25028000.0,
PROP0468,Bhopal,rural,Sale,2BHK,5066000.0,
PROP0470,Ahmedabad,Urban,Sale,2BHK,9919000.0,
PROP0472,Indore,Rural,Sale,2BHK,5466000.0,
PROP0473,Delhi,Urban,Sale,1BHK,8014000.0,
PROP0474,Hyderabad,Urban,Sale,2BHK,13554000.0,
PROP0475,Coimbatore,Rural,For Sale,1BHK,1566000.0,
PROP0476,Kolkata,Urban,Rent,2BHK,,9999999.0
PROP0477,Mumbai,Urban,Rent,2BHK,,28200.0
PROP0478,Indore,RURAL,sale,2BHK,6268000.0,
PROP0479,Indore,RURAL,SALE,3BHK,5646000.0,
PROP0480,Bangalore,URBAN,Sale,3BHK,23530000.0,
PROP0482,Pune,Urban,rent,1BHK,,9300.0
PROP0484,Jaipur,Rural,Sale,3 BHK,3598000.0,
PROP0485,Indore,Rural,rent,4BHK,,20900.0
PROP0486,Bangalore,Urban,Sale,2BHK,17353000.0,
PROP0487,Lucknow,Rural,Rent,4BHK,,10600.0
PROP0488,Bangalore,Urban,rent,3BHK,,48500.0
PROP0489,Patna,Rural,Sale,2BHK,6803000.0,
PROP0490,Bangalore,Urban,Sale,3BHK,28126000.0,
PROP0491,Patna,Rural,RENT,2BHK,,7500.0
PROP0492,Delhi,Urban,Sale,3BHK,-33101000.0,
PROP0493,Vadodara,Rural,Sale,2BHK,-2932000.0,
PROP0495,Patna,Rural,Rent,2BHK,,7900.0
PROP0496,Vadodara,Rural,Sale,3 BHK,5036000.0,
PROP0497,Chennai,Urban,Rent,2 BHK,,42000.0
PROP0498,Mumbai,urban,Sale,1BHK,7425000.0,
PROP0499,Hyderabad,urban,Rent,1BHK,,16500.0
PROP0501,Kolkata,Urban,Rent,4BHK,,78400.0
PROP0502,Bangalore,urban,Rent,2bhk,,27800.0
PROP0503,Coimbatore,Rural,Sale,4BHK,4816000.0,
PROP0504,Ahmedabad,urban,Rent,2BHK,,39500.0
PROP0505,Delhi,urban,,1 BHK,,21900.0
PROP0506,Kolkata,URBAN,Sale,2 BHK,16231000.0,
PROP0508,Kolkata,URBAN,Sale,3BHK,18442000.0,
PROP0510,Hyderabad,Urban,RENT,1 BHK,,24200.0
PROP0511,Pune,Urban,For Sale,2BHK,21472000.0,
PROP0513,Bangalore,Urban,Sale,4BHK,38513000.0,
PROP0514,Coimbatore,RURAL,Rent,4BHK,,33400.0
PROP0515,Nashik,Rural,For Rent,2BHK,,11900.0
PROP0516,Pune,Urban,sale,4BHK,49855000.0,
PROP0517,Lucknow,Rural,Sale,2BHK,4440000.0,
PROP0519,Vadodara,Rural,Rent,3BHK,,24200.0
PROP0520,Mumbai,URBAN,For Sale,2 BHK,12851000.0,
PROP0521,Kolkata,urban,Rent,3BHK,,42900.0
PROP0523,Bhopal,RURAL,For Sale,2BHK,4272000.0,
PROP0524,Mumbai,Urban,Rent,3BHK,,40500.0
PROP0525,Bangalore,Urban,Rent,3BHK,,75800.0
PROP0526,Coimbatore,Rural,Sale,1 BHK,1303000.0,
PROP0528,Nashik,,Rent,2BHK,,23100.0
PROP0529,Indore,Rural,Rent,1BHK,,7600.0
PROP0530,Nashik,Rural,Sale,4BHK,14261000.0,
PROP0531,Lucknow,rural,Rent,3 BHK,,16500.0
PROP0533,Indore,Rural,rent,3BHK,,19200.0
PROP0534,Coimbatore,Rural,SALE,3 BHK,4791000.0,
PROP0537,Nashik,Rural,Sale,2BHK,6022000.0,
PROP0538,Bangalore,Urban,Sale,2BHK,-16998000.0,
PROP0539,Ahmedabad,Urban,,1 BHK,,17400.0
PROP0540,Indore,Rural,Sale,1BHK,3550000.0,
PROP0541,Pune,Urban,For Rent,3BHK,,81300.0
PROP0542,Bangalore,urban,Sale,4BHK,40113000.0,
PROP0543,Lucknow,Rural,Sale,1BHK,3259000.0,
PROP0544,Nashik,RURAL,Rent,1BHK,,4500.0
PROP0545,Bangalore,Urban,Rent,3BHK,,9999999.0
PROP0546,Hyderabad,Urban,Rent,3BHK,,49100.0
PROP0547,Chennai,Urban,For Sale,2BHK,17983000.0,
PROP0548,Nashik,Rural,Rent,2BHK,,10600.0
PROP0549,Coimbatore,Rural,For Rent,3BHK,,21800.0
PROP0550,Hyderabad,Urban,Rent,2 BHK,,23900.0
PROP0551,Delhi,Urban,Rent,2BHK,,23200.0
PROP0552,Patna,,Rent,3BHK,,16800.0
PROP0553,Delhi,Urban,Sale,3 BHK,29727000.0,
PROP0554,Ahmedabad,urban,For Rent,1BHK,,19200.0
PROP0555,Indore,Rural,Sale,4BHK,14757000.0,
PROP0556,Kolkata,URBAN,For Rent,3 BHK,,75700.0
PROP0557,Hyderabad,Urban,RENT,2BHK,,28200.0
PROP0558,Jaipur,Rural,Rent,1 BHK,,9000.0
PROP0559,Mumbai,Urban,Sale,3BHK,13652000.0,
PROP0560,Coimbatore,Rural,Rent,2BHK,,14200.0
PROP0561,Patna,Rural,Rent,2BHK,,12900.0
PROP0562,Coimbatore,Rural,For Rent,1bhk,,3400.0
PROP0563,Jaipur,rural,Sale,4BHK,7658000.0,
PROP0564,Bangalore,Urban,For Sale,2BHK,14699000.0,
PROP0565,Kolkata,Urban,Sale,3BHK,24276000.0,
PROP0566,Delhi,urban,Rent,1 BHK,,16100.0
PROP0567,Mumbai,Urban,Rent,2BHK,,48800.0
PROP0569,Indore,RURAL,,4BHK,,33500.0
PROP0570,Kolkata,Urban,RENT,3BHK,,77900.0
PROP0571,Pune,urban,Sale,2BHK,12900000.0,
PROP0572,Nashik,RURAL,Sale,3BHK,3412000.0,
PROP0573,Bhopal,Rural,sale,1BHK,2751000.0,
PROP0574,Indore,Rural,Sale,1BHK,3778000.0,
PROP0575,Bhopal,Rural,Sale,2BHK,4383000.0,
PROP0576,Kolkata,Urban,Sale,2 BHK,23933000.0,
PROP0577,Bhopal,Rural,Rent,2BHK,,11800.0
PROP0579,Bangalore,Urban,Sale,3BHK,29011000.0,
PROP0581,Vadodara,Rural,Rent,3BHK,,22200.0
PROP0583,Lucknow,RURAL,sale,2BHK,2576000.0,
PROP0584,Indore,Rural,sale,2 BHK,3772000.0,
PROP0585,Ahmedabad,Urban,Sale,2BHK,19141000.0,
PROP0586,Bhopal,Rural,Sale,1 BHK,3013000.0,
PROP0587,Kolkata,URBAN,Rent,4BHK,,95400.0
PROP0588,Mumbai,Urban,Sale,1 BHK,4213000.0,
PROP0589,Indore,RURAL,sale,1 BHK,3009000.0,
PROP0590,Patna,Rural,For Sale,,4141000.0,
PROP0591,Mumbai,Urban,,1 BHK,,30300.0
PROP0592,Patna,rural,Sale,1 BHK,3602000.0,
PROP0593,Lucknow,Rural,Rent,3BHK,,25800.0
PROP0594,Delhi,Urban,Rent,3BHK,,79600.0
PROP0595,Bangalore,urban,Sale,2BHK,12535000.0,
PROP0596,Patna,rural,Sale,1 BHK,3200000.0,
PROP0597,Chennai,Urban,Sale,1BHK,9995000.0,
PROP0598,Coimbatore,Rural,Sale,2BHK,3492000.0,
PROP0599,Hyderabad,Urban,RENT,3 BHK,,85100.0
PROP0600,Pune,Urban,rent,1BHK,,26700.0
PROP0601,Jaipur,Rural,Sale,2BHK,7563000.0,
PROP0603,Bhopal,RURAL,Sale,2BHK,6493000.0,
PROP0604,Coimbatore,Rural,Rent,4BHK,,28700.0
PROP0607,Pune,Urban,Rent,2BHK,,35200.0
PROP0609,Lucknow,rural,For Rent,4BHK,,23300.0
PROP0611,Chennai,Urban,RENT,3BHK,,77000.0
PROP0612,Mumbai,Urban,sale,3BHK,36379000.0,
PROP0613,Nashik,Rural,RENT,2BHK,,11300.0
PROP0614,Jaipur,Rural,RENT,2BHK,,22000.0
PROP0616,Delhi,Urban,Rent,4BHK,,105000.0
PROP0617,Hyderabad,urban,Sale,3 BHK,34035000.0,
PROP0618,Patna,rural,Sale,4BHK,10500000.0,
PROP0620,Hyderabad,Urban,rent,2BHK,,36800.0
PROP0621,Chennai,Urban,Sale,2 BHK,13060000.0,
PROP0624,Pune,urban,sale,2BHK,17791000.0,
PROP0625,Ahmedabad,Urban,Sale,2bhk,12090000.0,
PROP0626,Delhi,Urban,Sale,1BHK,4115000.0,
PROP0627,Indore,,RENT,3BHK,,16200.0
PROP0628,Jaipur,Rural,SALE,3BHK,7670000.0,
PROP0629,Ahmedabad,urban,Sale,2BHK,13964000.0,
PROP0630,Chennai,Urban,Rent,2 BHK,,42200.0
PROP0631,Mumbai,urban,rent,2BHK,,33200.0
PROP0632,Ahmedabad,urban,For Rent,3 BHK,,83800.0
PROP0633,Coimbatore,rural,Rent,4BHK,,34200.0
PROP0634,Jaipur,rural,For Rent,2BHK,,16400.0
PROP0635,Mumbai,URBAN,rent,1BHK,,14400.0
PROP0636,Coimbatore,Rural,Rent,3BHK,,9800.0
PROP0637,Lucknow,rural,Rent,1BHK,,7400.0
PROP0639,Mumbai,urban,Sale,2 BHK,21793000.0,
PROP0640,Hyderabad,Urban,Sale,3BHK,31216000.0,
PROP0643,Mumbai,URBAN,Rent,2BHK,,46600.0
PROP0645,Indore,Rural,Sale,3BHK,10844000.0,
PROP0646,Coimbatore,rural,Sale,2BHK,7275000.0,
PROP0647,Kolkata,urban,Rent,4BHK,,110900.0
PROP0648,Vadodara,Rural,Sale,2BHK,3988000.0,
PROP0649,Patna,Rural,Sale,2bhk,6235000.0,
PROP0650,Hyderabad,URBAN,RENT,2BHK,,27500.0
PROP0651,Patna,rural,Rent,1bhk,,1000.0
PROP0652,Chennai,urban,Sale,4BHK,34094000.0,
PROP0653,Chennai,Urban,Sale,2BHK,13043000.0,
PROP0654,Ahmedabad,URBAN,Sale,2 BHK,22939000.0,
PROP0655,Pune,Urban,Sale,1 BHK,6772000.0,
PROP0656,Ahmedabad,Urban,Sale,3BHK,27856000.0,
PROP0657,Coimbatore,Rural,For Rent,2BHK,,18900.0
PROP0658,Nashik,Rural,Sale,2BHK,4371000.0,
PROP0659,Chennai,urban,RENT,2BHK,,48200.0
PROP0661,Indore,Rural,RENT,3BHK,,16800.0
PROP0662,Coimbatore,Rural,Rent,2BHK,,15500.0
PROP0663,Vadodara,RURAL,rent,2BHK,,11300.0
PROP0664,Pune,Urban,Sale,3BHK,14620000.0,
PROP0665,Nashik,Rural,Rent,2BHK,,15300.0
PROP0666,Ahmedabad,urban,Rent,4BHK,,92600.0
PROP0668,Pune,urban,Sale,3 BHK,16487000.0,
PROP0670,Pune,Urban,SALE,1bhk,9722000.0,
PROP0671,Mumbai,Urban,For Sale,2 BHK,17972000.0,
PROP0672,Delhi,URBAN,sale,1BHK,6009000.0,
PROP0673,Lucknow,rural,RENT,3BHK,,28500.0
PROP0674,Mumbai,urban,Rent,1BHK,,24300.0
PROP0676,Hyderabad,Urban,sale,3 BHK,30609000.0,
PROP0677,Chennai,Urban,Rent,1BHK,,12400.0
PROP0678,Ahmedabad,Urban,Sale,3BHK,14115000.0,
PROP0679,Mumbai,Urban,Rent,1BHK,,20800.0
PROP0680,Mumbai,urban,Rent,3 BHK,,70000.0
PROP0681,Coimbatore,rural,rent,3BHK,,15100.0
PROP0682,Mumbai,Urban,Rent,1 BHK,,13100.0
PROP0683,Indore,Rural,Rent,2bhk,,13400.0
PROP0684,Ahmedabad,Urban,Rent,2 BHK,,31300.0
PROP0685,Hyderabad,Urban,Rent,3 BHK,,62200.0
PROP0686,Hyderabad,Urban,Rent,2 BHK,,29500.0
PROP0687,Pune,Urban,Rent,2 BHK,,25000.0
PROP0688,Pune,Urban,Sale,2BHK,12529000.0,
PROP0689,Ahmedabad,Urban,sale,2BHK,19284000.0,
PROP0690,Patna,Rural,Rent,1BHK,,9900.0
PROP0692,Nashik,rural,sale,4BHK,5364000.0,
PROP0693,Ahmedabad,Urban,Rent,1BHK,,11600.0
PROP0694,Coimbatore,RURAL,rent,3 BHK,,9999999.0
PROP0695,Pune,urban,SALE,3BHK,28965000.0,
PROP0696,Hyderabad,Urban,Sale,4BHK,25865000.0,
PROP0697,Indore,,Sale,3BHK,7111000.0,
PROP0698,Hyderabad,URBAN,Rent,3BHK,,45200.0
PROP0699,Pune,Urban,sale,3BHK,21179000.0,
PROP0700,Vadodara,Rural,Rent,4BHK,,24200.0
PROP0701,Bangalore,URBAN,Sale,3 BHK,-34084000.0,
PROP0702,Nashik,Rural,Rent,1BHK,,7300.0
PROP0703,Indore,Rural,Rent,2BHK,,16900.0
PROP0704,Jaipur,Rural,sale,3 BHK,6703000.0,
PROP0705,Ahmedabad,Urban,Rent,3 BHK,,71900.0
PROP0706,Indore,Rural,For Rent,3BHK,,24900.0
PROP0707,Mumbai,urban,Sale,2BHK,-9812000.0,
PROP0708,Ahmedabad,Urban,Sale,3BHK,-17910000.0,
PROP0709,Jaipur,Rural,Rent,3BHK,,31300.0
PROP0710,Nashik,Rural,Rent,3BHK,,28300.0
PROP0711,Hyderabad,Urban,RENT,3 BHK,,56300.0
PROP0712,Ahmedabad,Urban,Sale,4BHK,33039000.0,
PROP0713,Pune,Urban,SALE,2BHK,19671000.0,
PROP0714,Bhopal,rural,SALE,1 BHK,3369000.0,
PROP0715,Lucknow,Rural,Rent,2BHK,,16300.0
PROP0716,Bangalore,urban,Sale,2BHK,20491000.0,
PROP0717,Vadodara,rural,Sale,1BHK,2933000.0,
PROP0718,Vadodara,Rural,Rent,2bhk,,16600.0
PROP0719,Lucknow,rural,Rent,4BHK,,17200.0
PROP0720,Lucknow,Rural,Rent,2bhk,,18600.0
PROP0721,Jaipur,rural,Rent,2 BHK,,13100.0
PROP0722,Nashik,Rural,Sale,3BHK,4176000.0,
PROP0723,Ahmedabad,Urban,Sale,3BHK,17754000.0,
PROP0724,Mumbai,Urban,Sale,2BHK,14264000.0,
PROP0725,Nashik,Rural,sale,2bhk,7361000.0,
PROP0726,Coimbatore,RURAL,Rent,3BHK,,11600.0
PROP0727,Nashik,Rural,For Rent,2BHK,,17400.0
PROP0728,Patna,Rural,,1BHK,,3400.0
PROP0729,Bangalore,Urban,Sale,2bhk,-11374000.0,
PROP0730,Chennai,Urban,SALE,3BHK,27320000.0,
PROP0732,Hyderabad,Urban,SALE,1 BHK,10138000.0,
PROP0733,Bhopal,Rural,Rent,2BHK,,11500.0
PROP0734,Lucknow,Rural,sale,4BHK,10029000.0,
PROP0735,Pune,Urban,For Sale,2 BHK,17906000.0,
PROP0736,Chennai,Urban,For Sale,2 BHK,15112000.0,
PROP0737,Chennai,URBAN,Sale,3BHK,35662000.0,
PROP0738,Lucknow,Rural,Rent,2BHK,,12800.0
PROP0739,Lucknow,Rural,Sale,1BHK,2084000.0,
PROP0740,Kolkata,URBAN,Sale,2 BHK,-21481000.0,
PROP0741,Bangalore,urban,rent,1 BHK,,19600.0
PROP0742,Mumbai,Urban,Sale,2BHK,22785000.0,
PROP0743,Ahmedabad,Urban,Rent,2 BHK,,47500.0
PROP0744,Chennai,Urban,SALE,2BHK,9537000.0,
PROP0745,Chennai,Urban,Rent,2BHK,,50900.0
PROP0746,Nashik,Rural,Sale,3BHK,3972000.0,
PROP0747,Ahmedabad,Urban,For Rent,2 BHK,,55200.0
PROP0748,Pune,URBAN,SALE,4BHK,-24108000.0,
PROP0749,Bangalore,urban,Rent,4BHK,,9999999.0
PROP0751,Mumbai,Urban,Sale,4BHK,29319000.0,
PROP0752,Lucknow,Rural,For Rent,2BHK,,7600.0
PROP0753,Pune,Urban,Sale,3 BHK,33847000.0,
PROP0754,Delhi,Urban,SALE,4BHK,22916000.0,
PROP0756,Hyderabad,URBAN,Rent,2bhk,,40500.0
PROP0757,Indore,Rural,rent,4BHK,,27600.0
PROP0758,Bhopal,rural,SALE,2BHK,5230000.0,
PROP0759,Nashik,RURAL,Rent,1 BHK,,3900.0
PROP0760,Pune,Urban,Rent,2 BHK,,27000.0
PROP0761,Jaipur,Rural,sale,1BHK,2738000.0,
PROP0762,Indore,rural,Sale,3BHK,7244000.0,
PROP0763,Lucknow,Rural,Rent,3 BHK,,22400.0
PROP0764,Bhopal,Rural,sale,2BHK,4169000.0,
PROP0765,Vadodara,Rural,Rent,1bhk,,4300.0
PROP0766,Jaipur,rural,Sale,2 BHK,5901000.0,
PROP0767,Pune,Urban,sale,2 BHK,23189000.0,
PROP0768,Pune,Urban,Sale,3BHK,12605000.0,
PROP0769,Nashik,Rural,Rent,1BHK,,6800.0
PROP0770,Bhopal,Rural,Rent,3BHK,,26200.0
PROP0771,Indore,RURAL,Sale,2BHK,6187000.0,
PROP0772,Coimbatore,RURAL,rent,4BHK,,16000.0
PROP0774,Kolkata,URBAN,Sale,3BHK,19542000.0,
PROP0775,Bhopal,Rural,SALE,1BHK,2128000.0,
PROP0776,Vadodara,Rural,Rent,,,16400.0
PROP0777,Bangalore,URBAN,Sale,1 BHK,5311000.0,
PROP0778,Chennai,Urban,RENT,2BHK,,25400.0
PROP0779,Kolkata,Urban,RENT,1BHK,,16700.0
PROP0780,Bhopal,Rural,Sale,2BHK,3943000.0,
PROP0781,Bhopal,Rural,Rent,2BHK,,8400.0
PROP0782,Delhi,Urban,Rent,2BHK,,58700.0
PROP0783,Nashik,RURAL,sale,4BHK,-5293000.0,
PROP0784,Pune,Urban,Sale,3BHK,12196000.0,
PROP0785,Chennai,Urban,Sale,4BHK,32159000.0,
PROP0786,Ahmedabad,URBAN,Rent,2bhk,,29500.0
PROP0788,Kolkata,urban,Rent,1BHK,,14600.0
PROP0789,Jaipur,rural,Sale,2BHK,4650000.0,
PROP0792,Vadodara,RURAL,Rent,2BHK,,21400.0
PROP0794,Bangalore,Urban,sale,2 BHK,20298000.0,
PROP0795,Patna,rural,rent,3BHK,,22300.0
PROP0796,Coimbatore,RURAL,rent,1BHK,,7000.0
PROP0797,Coimbatore,Rural,Sale,3BHK,4346000.0,
PROP0798,Delhi,Urban,RENT,2BHK,,55700.0
PROP0799,Hyderabad,Urban,Rent,1 BHK,,29400.0
PROP0800,Bangalore,Urban,Rent,3BHK,,75300.0
PROP0801,Chennai,Urban,SALE,2BHK,18382000.0,
PROP0803,Delhi,URBAN,SALE,2BHK,19697000.0,
PROP0804,Coimbatore,Rural,Rent,2BHK,,17700.0
PROP0805,Lucknow,Rural,Sale,2BHK,6304000.0,
PROP0806,Bangalore,Urban,Sale,1bhk,-10712000.0,
PROP0807,Indore,rural,Rent,2bhk,,13500.0
PROP0808,Coimbatore,rural,Rent,2BHK,,9600.0
PROP0809,Jaipur,Rural,,1BHK,,9400.0
PROP0810,Bangalore,Urban,Sale,1BHK,4186000.0,
PROP0811,Lucknow,RURAL,For Sale,2 BHK,4335000.0,
PROP0812,Jaipur,Rural,rent,3BHK,,13200.0
PROP0813,Kolkata,Urban,For Rent,1BHK,,17400.0
PROP0814,Nashik,RURAL,Rent,2BHK,,14000.0
PROP0815,Bangalore,URBAN,Rent,1BHK,,22100.0
PROP0816,Pune,URBAN,Sale,3BHK,18401000.0,
PROP0817,Coimbatore,Rural,rent,2BHK,,18200.0
PROP0818,Vadodara,rural,Sale,3BHK,4076000.0,
PROP0819,Hyderabad,Urban,Sale,1BHK,5268000.0,
PROP0820,Hyderabad,Urban,Rent,2BHK,,40300.0
PROP0821,Lucknow,,Rent,3BHK,,19900.0
PROP0822,Delhi,URBAN,sale,3BHK,35186000.0,
PROP0824,Delhi,Urban,Rent,1BHK,,17000.0
PROP0825,Hyderabad,urban,Rent,2BHK,,41600.0
PROP0826,Ahmedabad,urban,sale,1 BHK,9868000.0,
PROP0827,Jaipur,RURAL,Rent,3 BHK,,17300.0
PROP0828,Kolkata,Urban,Sale,3BHK,14673000.0,
PROP0829,Kolkata,Urban,Sale,1BHK,10226000.0,
PROP0830,Bangalore,Urban,Rent,2 BHK,,47300.0
PROP0833,Bangalore,Urban,Sale,1 BHK,4929000.0,
PROP0834,Patna,Rural,Sale,3BHK,3595000.0,
PROP0835,Nashik,rural,rent,4BHK,,22200.0
PROP0836,Indore,Rural,Rent,3BHK,,19200.0
PROP0837,Vadodara,RURAL,Sale,4BHK,9412000.0,
PROP0838,Nashik,Rural,rent,3BHK,,10700.0
PROP0839,Nashik,Rural,sale,2BHK,6798000.0,
PROP0840,Indore,Rural,rent,1 BHK,,6500.0
PROP0841,Jaipur,RURAL,Rent,1bhk,,2500.0
PROP0843,Patna,Rural,Sale,3BHK,4865000.0,
PROP0844,Ahmedabad,URBAN,RENT,1bhk,,11900.0
PROP0845,Kolkata,Urban,Rent,3 BHK,,67700.0
PROP0846,Lucknow,Rural,Rent,1bhk,,8100.0
PROP0847,Jaipur,RURAL,rent,1 BHK,,5700.0
PROP0848,Pune,URBAN,Rent,3BHK,,78100.0
PROP0849,Lucknow,Rural,Rent,2BHK,,9200.0
PROP0851,Delhi,Urban,Sale,3BHK,25108000.0,
PROP0852,Kolkata,urban,Rent,1BHK,,16200.0
PROP0853,Bhopal,Rural,RENT,2BHK,,19600.0
PROP0854,Bangalore,Urban,Sale,1bhk,6815000.0,
PROP0855,Hyderabad,urban,rent,2 BHK,,48900.0
PROP0856,Vadodara,rural,Rent,4BHK,,20700.0
PROP0857,Pune,Urban,Sale,1bhk,6124000.0,
PROP0858,Ahmedabad,urban,Rent,3 BHK,,67500.0
PROP0859,Chennai,Urban,,2BHK,,59000.0
PROP0860,Patna,Rural,rent,4BHK,,9999999.0
PROP0861,Vadodara,Rural,Sale,1bhk,3212000.0,
PROP0862,Kolkata,Urban,Rent,1BHK,,12200.0
PROP0864,Patna,Rural,For Sale,2 BHK,2731000.0,
PROP0865,Hyderabad,URBAN,sale,3BHK,30253000.0,
PROP0866,Mumbai,Urban,Sale,1BHK,7109000.0,
PROP0869,Bangalore,Urban,For Rent,2BHK,,36500.0
PROP0871,Mumbai,Urban,Rent,2BHK,,55500.0
PROP0872,Lucknow,Rural,Rent,3BHK,,28800.0
PROP0873,Delhi,Urban,Rent,1 BHK,,25500.0
PROP0874,Chennai,Urban,Sale,4BHK,19188000.0,
PROP0875,Mumbai,Urban,rent,2BHK,,43400.0
PROP0876,Kolkata,Urban,For Rent,1BHK,,25500.0
PROP0877,Vadodara,,rent,1BHK,,5100.0
PROP0878,Nashik,Rural,Rent,3BHK,,14000.0
PROP0879,Ahmedabad,Urban,For Rent,4BHK,,73600.0
PROP0880,Bhopal,Rural,Rent,2BHK,,9999999.0
PROP0881,Delhi,Urban,For Sale,3BHK,28463000.0,
PROP0882,Bhopal,Rural,sale,2BHK,4433000.0,
PROP0883,Ahmedabad,Urban,Rent,2 BHK,,52100.0
PROP0884,Indore,Rural,Sale,2BHK,5938000.0,
PROP0885,Kolkata,Urban,Rent,3BHK,,49100.0
PROP0886,Bhopal,Rural,Rent,4BHK,,37600.0
PROP0887,Nashik,Rural,For Sale,2BHK,6239000.0,
PROP0888,Coimbatore,rural,RENT,1BHK,,5300.0
PROP0889,Pune,URBAN,Rent,3 BHK,,63400.0
PROP0891,Nashik,Rural,Sale,3BHK,9572000.0,
PROP0892,Chennai,URBAN,Rent,3BHK,,36200.0
PROP0893,Pune,Urban,Rent,2BHK,,28300.0
PROP0894,Bangalore,URBAN,RENT,2BHK,,46300.0
PROP0895,Vadodara,Rural,sale,3BHK,8067000.0,
PROP0897,Lucknow,Rural,rent,2 BHK,,16000.0
PROP0898,Jaipur,Rural,,3BHK,,24400.0
PROP0899,Pune,Urban,Sale,3BHK,28068000.0,
PROP0900,Lucknow,Rural,RENT,2BHK,,11700.0
PROP0901,Lucknow,Rural,For Rent,1 BHK,,4300.0
PROP0902,Delhi,Urban,Rent,4BHK,,72100.0
PROP0903,Pune,URBAN,sale,3BHK,30216000.0,
PROP0904,Lucknow,rural,rent,3BHK,,18000.0
PROP0905,Hyderabad,Urban,Sale,1BHK,6089000.0,
PROP0906,Vadodara,,Sale,3 BHK,9125000.0,
PROP0907,Mumbai,Urban,Sale,3BHK,15288000.0,
PROP0908,Coimbatore,Rural,Sale,3 BHK,7369000.0,
PROP0911,Coimbatore,Rural,Rent,1 BHK,,5900.0
PROP0912,Ahmedabad,Urban,rent,3BHK,,64100.0
PROP0914,Nashik,Rural,RENT,2bhk,,6900.0
PROP0915,Delhi,URBAN,Rent,4BHK,,73400.0
PROP0916,Pune,urban,Sale,1BHK,9994000.0,
PROP0917,Nashik,RURAL,Sale,2BHK,6009000.0,
PROP0918,Delhi,Urban,Rent,3BHK,,79200.0
PROP0919,Pune,Urban,For Rent,3BHK,,79400.0
PROP0920,Ahmedabad,Urban,Sale,3BHK,-27882000.0,
PROP0921,Hyderabad,urban,rent,1BHK,,17400.0
PROP0922,Bhopal,,rent,1 BHK,,12400.0
PROP0923,Bhopal,Rural,Rent,3 BHK,,26700.0
PROP0924,Jaipur,,rent,2BHK,,18500.0
PROP0926,Hyderabad,Urban,Sale,1BHK,8415000.0,
PROP0927,Pune,urban,For Sale,2BHK,16045000.0,
PROP0928,Nashik,rural,Sale,1BHK,2367000.0,
PROP0929,Ahmedabad,Urban,sale,1 BHK,10310000.0,
PROP0930,Nashik,,Sale,2 BHK,6094000.0,
PROP0931,Patna,rural,For Rent,2BHK,,12800.0
PROP0932,Nashik,RURAL,Sale,2BHK,3000000.0,
PROP0933,Nashik,rural,Sale,3BHK,7481000.0,
PROP0934,Mumbai,Urban,Rent,3BHK,,67500.0
PROP0935,Kolkata,Urban,Rent,2BHK,,48900.0
PROP0936,Bangalore,Urban,Sale,3BHK,25323000.0,
PROP0937,Vadodara,Rural,SALE,3BHK,4347000.0,
PROP0938,Delhi,Urban,Rent,3 BHK,,34200.0
PROP0939,Delhi,Urban,Rent,3BHK,,78800.0
PROP0940,Chennai,URBAN,Rent,2 BHK,,25900.0
PROP0941,Chennai,Urban,Sale,2bhk,13023000.0,
PROP0942,Hyderabad,Urban,,2BHK,,41300.0
PROP0943,Lucknow,Rural,Sale,3BHK,9928000.0,
PROP0944,Coimbatore,Rural,Rent,2BHK,,8900.0
PROP0946,Lucknow,Rural,Rent,1BHK,,3100.0
PROP0947,Hyderabad,Urban,Sale,2BHK,10641000.0,
PROP0948,Nashik,Rural,Rent,3BHK,,13300.0
PROP0949,Bangalore,URBAN,sale,1bhk,6929000.0,
PROP0950,Vadodara,rural,Rent,2BHK,,13100.0
PROP0951,Jaipur,RURAL,For Rent,2BHK,,8500.0
PROP0952,Indore,Rural,Rent,1 BHK,,9500.0
PROP0953,Coimbatore,Rural,Sale,2BHK,5714000.0,
PROP0955,Chennai,Urban,Sale,2BHK,21885000.0,
PROP0956,Nashik,rural,sale,2BHK,2992000.0,
PROP0957,Jaipur,RURAL,rent,1 BHK,,3700.0
PROP0958,Hyderabad,Urban,Sale,1BHK,8098000.0,
PROP0959,Patna,Rural,Rent,2BHK,,17900.0
PROP0960,Ahmedabad,Urban,Sale,3BHK,26399000.0,
PROP0961,Coimbatore,Rural,For Sale,3BHK,7903000.0,
PROP0962,Bhopal,Rural,SALE,3BHK,10569000.0,
PROP0963,Hyderabad,Urban,,1bhk,,10500.0
PROP0964,Pune,Urban,Rent,2BHK,,47900.0
PROP0966,Bhopal,Rural,Rent,4BHK,,34100.0
PROP0967,Pune,Urban,Rent,2BHK,,44700.0
PROP0968,Patna,Rural,sale,1BHK,1668000.0,
PROP0969,Ahmedabad,Urban,Sale,2BHK,10133000.0,
PROP0970,Bhopal,Rural,For Rent,3BHK,,16000.0
PROP0972,Indore,Rural,Rent,3BHK,,18600.0
PROP0973,Kolkata,Urban,,3BHK,,41700.0
PROP0974,Patna,Rural,Rent,3BHK,,13500.0
PROP0975,Pune,Urban,RENT,2 BHK,,50400.0
PROP0976,Ahmedabad,Urban,Sale,3BHK,15358000.0,
PROP0977,Bangalore,Urban,Sale,1BHK,5233000.0,
PROP0978,Patna,Rural,SALE,1BHK,2467000.0,
PROP0979,Ahmedabad,urban,Rent,2BHK,,28300.0
PROP0980,Chennai,urban,Sale,3BHK,13878000.0,
PROP0981,Ahmedabad,Urban,Sale,2BHK,16051000.0,
PROP0982,Bangalore,urban,Rent,2BHK,,36900.0
PROP0983,Pune,Urban,For Rent,2BHK,,22400.0
PROP0984,Pune,Urban,Rent,,,26900.0
PROP0985,Jaipur,Rural,RENT,2BHK,,16700.0
PROP0986,Chennai,Urban,Rent,3 BHK,,64400.0
PROP0987,Indore,RURAL,sale,3BHK,7948000.0,
PROP0988,Bhopal,Rural,Rent,3 BHK,,13300.0
PROP0989,Patna,RURAL,For Rent,3BHK,,23600.0
PROP0990,Mumbai,URBAN,sale,2 BHK,12814000.0,
PROP0991,Delhi,urban,Rent,2BHK,,37200.0
PROP0992,Lucknow,Rural,rent,2BHK,,10800.0
PROP0993,Ahmedabad,Urban,Sale,2BHK,13064000.0,
PROP0994,Pune,Urban,Rent,2BHK,,46300.0
PROP0995,Chennai,Urban,Sale,2BHK,8803000.0,
PROP0996,Patna,Rural,Sale,2BHK,2201000.0,
PROP0997,Bangalore,urban,Sale,3BHK,34378000.0,
PROP0998,Mumbai,Urban,Sale,3BHK,33998000.0,
PROP0999,Pune,Urban,Rent,4BHK,,62200.0
PROP1000,Hyderabad,Urban,Sale,2BHK,11722000.0,
PROP1001,Kolkata,Urban,Rent,3BHK,,55800.0
PROP1003,Patna,rural,sale,3BHK,8905000.0,
PROP1004,Bhopal,Rural,Sale,3BHK,6940000.0,
PROP1005,Delhi,Urban,Sale,3BHK,22169000.0,
PROP1007,Coimbatore,RURAL,Rent,3BHK,,15800.0
PROP1008,Patna,Rural,Rent,2BHK,,16100.0
PROP1009,Bangalore,urban,Rent,3BHK,,72400.0
PROP1010,Ahmedabad,Urban,Sale,2BHK,20816000.0,
PROP1012,Kolkata,Urban,Sale,3BHK,18144000.0,
PROP1013,Bhopal,Rural,Rent,4BHK,,38800.0
PROP1014,Lucknow,Rural,RENT,2BHK,,16800.0
PROP1015,Nashik,Rural,Rent,3BHK,,15100.0
PROP1016,Indore,RURAL,For Rent,2BHK,,10900.0
PROP1017,Pune,Urban,Rent,2BHK,,38800.0
PROP1018,Lucknow,Rural,Sale,2BHK,4659000.0,
PROP1019,Mumbai,Urban,Sale,2BHK,15959000.0,
PROP1020,Jaipur,Rural,sale,2BHK,2631000.0,
PROP1021,Nashik,RURAL,Rent,3BHK,,16500.0
PROP1022,Chennai,Urban,sale,2bhk,18587000.0,
PROP1023,Nashik,Rural,Rent,3BHK,,29400.0
PROP1024,Bhopal,Rural,For Sale,4BHK,8336000.0,
PROP1025,Lucknow,Rural,Rent,1BHK,,15700.0
PROP1026,Pune,Urban,Rent,3BHK,,50700.0
PROP1027,Vadodara,Rural,Rent,2BHK,,15200.0
PROP1028,Delhi,urban,rent,2BHK,,45500.0
PROP1029,Patna,Rural,Rent,2BHK,,8000.0
PROP1030,Nashik,Rural,RENT,3BHK,,28100.0
PROP1032,Vadodara,rural,Sale,3BHK,9974000.0,
PROP1033,Ahmedabad,Urban,Sale,1BHK,10518000.0,
PROP1034,Pune,urban,Rent,2bhk,,49300.0
PROP1035,Chennai,Urban,Sale,1bhk,4794000.0,
PROP1036,Delhi,Urban,Rent,2BHK,,32100.0
PROP1037,Pune,Urban,For Rent,1BHK,,13800.0
PROP1038,Bhopal,Rural,Rent,4BHK,,31000.0
PROP1039,Vadodara,RURAL,RENT,2 BHK,,15800.0
PROP1040,Delhi,URBAN,rent,4BHK,,66000.0
PROP1041,Bhopal,RURAL,RENT,2BHK,,9999999.0
PROP1042,Lucknow,Rural,Sale,2BHK,-4166000.0,
PROP1043,Ahmedabad,Urban,sale,1 BHK,4178000.0,
PROP1044,Vadodara,Rural,Sale,4BHK,6861000.0,
PROP1045,Delhi,Urban,Sale,1 BHK,11280000.0,
PROP1046,Hyderabad,URBAN,Rent,1 BHK,,11500.0
PROP1047,Ahmedabad,Urban,Sale,3BHK,28991000.0,
PROP1049,Kolkata,Urban,Sale,2bhk,11264000.0,
PROP1050,Indore,Rural,RENT,2BHK,,12900.0
PROP1051,Patna,,Sale,2BHK,6597000.0,
PROP1052,Indore,,RENT,1 BHK,,5400.0
PROP1053,Hyderabad,Urban,Rent,3BHK,,52100.0
PROP1054,Patna,Rural,rent,4BHK,,19400.0
PROP1055,Bangalore,Urban,Sale,4BHK,38610000.0,
PROP1056,Delhi,Urban,Rent,1BHK,,16700.0
PROP1057,Ahmedabad,Urban,RENT,3BHK,,87100.0
PROP1058,Mumbai,Urban,Sale,3BHK,22084000.0,
PROP1059,Pune,urban,Rent,4BHK,,111400.0
PROP1060,Chennai,Urban,SALE,2BHK,21088000.0,
PROP1062,Chennai,Urban,Sale,3BHK,20709000.0,
PROP1063,Mumbai,Urban,Sale,3BHK,21136000.0,
PROP1064,Delhi,Urban,Sale,3BHK,15156000.0,
PROP1065,Patna,Rural,,2BHK,,14600.0
PROP1067,Lucknow,rural,For Sale,3 BHK,6684000.0,
PROP1068,Patna,rural,Rent,3BHK,,22000.0
PROP1070,Indore,Rural,rent,3BHK,,19400.0
PROP1071,Patna,Rural,sale,3BHK,4828000.0,
PROP1072,Indore,Rural,Sale,4BHK,-8004000.0,
PROP1073,Mumbai,Urban,,2BHK,,51000.0
PROP1075,Vadodara,rural,rent,2BHK,,18500.0
PROP1076,Vadodara,Rural,Rent,1BHK,,7200.0
PROP1081,Indore,Rural,Rent,2BHK,,22000.0
PROP1082,Kolkata,urban,sale,2BHK,14858000.0,
PROP1083,Coimbatore,rural,Sale,2BHK,4170000.0,
PROP1084,Kolkata,Urban,rent,3BHK,,75000.0
PROP1085,Vadodara,Rural,Sale,3BHK,8069000.0,
PROP1086,Patna,Rural,SALE,2BHK,6044000.0,
PROP1087,Indore,Rural,,2BHK,,13300.0
PROP1088,Pune,urban,Rent,2BHK,,40300.0
PROP1090,Nashik,Rural,RENT,3BHK,,11100.0
PROP1091,Bhopal,Rural,Sale,4BHK,13182000.0,
PROP1092,Jaipur,Rural,Sale,2BHK,2861000.0,
PROP1093,Chennai,Urban,Sale,2BHK,18035000.0,
PROP1094,Nashik,Rural,Sale,2BHK,6264000.0,
PROP1095,Nashik,RURAL,RENT,4BHK,,33300.0
PROP1096,Coimbatore,Rural,Sale,3BHK,4403000.0,
PROP1097,Bhopal,Rural,Rent,2BHK,,9999999.0
PROP1098,Patna,Rural,Rent,2BHK,,17600.0
PROP1099,Bangalore,Urban,Sale,1BHK,11569000.0,
PROP1100,Indore,Rural,sale,2BHK,6477000.0,
PROP1101,Indore,rural,RENT,1BHK,,5000.0
PROP1104,Hyderabad,Urban,Sale,3BHK,24565000.0,
PROP1105,Bangalore,Urban,Sale,3BHK,25353000.0,
PROP1106,Bhopal,Rural,sale,2BHK,4515000.0,
PROP1107,Patna,rural,Rent,2bhk,,6600.0
PROP1108,Patna,rural,,2BHK,,15000.0
PROP1110,Indore,Rural,SALE,3BHK,4142000.0,
PROP1111,Kolkata,Urban,Sale,3 BHK,28950000.0,
PROP1112,Hyderabad,Urban,Rent,2BHK,,36700.0
PROP1113,Delhi,Urban,For Sale,4BHK,44331000.0,
PROP1114,Bangalore,URBAN,SALE,3BHK,14918000.0,
PROP1115,Indore,rural,Sale,4BHK,9430000.0,
PROP1117,Chennai,Urban,Sale,3BHK,23788000.0,
PROP1118,Nashik,Rural,Sale,3BHK,6775000.0,
PROP1119,Mumbai,Urban,rent,1BHK,,30200.0
PROP1120,Lucknow,Rural,Sale,4BHK,12161000.0,
PROP1121,Nashik,Rural,For Rent,1BHK,,9700.0
PROP1122,Mumbai,Urban,Sale,2BHK,15103000.0,
PROP1123,Vadodara,Rural,For Sale,3BHK,7946000.0,
PROP1124,Bangalore,Urban,sale,3BHK,26320000.0,
PROP1125,Kolkata,Urban,RENT,4BHK,,102300.0
PROP1126,Delhi,urban,sale,3BHK,22070000.0,
PROP1128,Kolkata,urban,Rent,,,47200.0
PROP1129,Bangalore,URBAN,rent,3BHK,,37200.0
PROP1130,Chennai,Urban,SALE,3BHK,19473000.0,
PROP1131,Mumbai,Urban,Rent,2 BHK,,36900.0
PROP1132,Jaipur,Rural,For Rent,2BHK,,11100.0
PROP1133,Nashik,Rural,Sale,1BHK,3440000.0,
PROP1134,Coimbatore,rural,Sale,4BHK,13217000.0,
PROP1135,Lucknow,Rural,rent,3 BHK,,21100.0
PROP1137,Kolkata,Urban,Rent,,,52400.0
PROP1138,Mumbai,Urban,For Rent,2BHK,,49100.0
PROP1139,Bhopal,Rural,Sale,4BHK,12301000.0,
PROP1140,Bhopal,rural,Sale,2BHK,6959000.0,
PROP1141,Indore,RURAL,RENT,3BHK,,19700.0
PROP1143,Coimbatore,Rural,Rent,2BHK,,12600.0
PROP1144,Bhopal,Rural,Rent,1BHK,,2800.0
PROP1145,Coimbatore,Rural,sale,2BHK,3025000.0,
PROP1146,Bangalore,Urban,For Rent,1BHK,,20300.0
PROP1148,Jaipur,Rural,Sale,3BHK,4278000.0,
PROP1149,Delhi,urban,Sale,1 BHK,12335000.0,
PROP1150,Pune,urban,SALE,1BHK,-8405000.0,
PROP1151,Pune,Urban,For Sale,3BHK,35897000.0,
PROP1152,Bhopal,rural,Rent,2BHK,,4300.0
PROP1153,Nashik,,Rent,1BHK,,5700.0
PROP1154,Chennai,Urban,Rent,3BHK,,35300.0
PROP1155,Vadodara,Rural,Rent,2BHK,,13100.0
PROP1156,Chennai,urban,Rent,4BHK,,51900.0
PROP1158,Lucknow,Rural,Sale,1BHK,2230000.0,
PROP1159,Ahmedabad,urban,RENT,3BHK,,49100.0
PROP1160,Jaipur,RURAL,Sale,2BHK,7110000.0,
PROP1161,Jaipur,Rural,Rent,2BHK,,6300.0
PROP1162,Kolkata,Urban,rent,2BHK,,38400.0
PROP1163,Coimbatore,Rural,Rent,3BHK,,25200.0
PROP1164,Kolkata,Urban,,4BHK,,82400.0
PROP1165,Indore,Rural,rent,2BHK,,9000.0
PROP1166,Vadodara,,rent,1 BHK,,7700.0
PROP1167,Bangalore,Urban,Sale,,14726000.0,
PROP1169,Bhopal,Rural,RENT,2BHK,,22000.0
PROP1170,Kolkata,Urban,Sale,3 BHK,20806000.0,
PROP1171,Patna,,For Sale,3BHK,10915000.0,
PROP1172,Kolkata,Urban,rent,2BHK,,34700.0
PROP1173,Jaipur,Rural,Rent,2BHK,,20600.0
PROP1174,Indore,rural,For Rent,4BHK,,14800.0
PROP1175,Kolkata,Urban,Sale,4BHK,44715000.0,
PROP1176,Delhi,Urban,Sale,3BHK,14280000.0,
PROP1177,Bangalore,urban,Sale,2BHK,22517000.0,
PROP1178,Patna,rural,Sale,3BHK,8577000.0,
PROP1179,Indore,Rural,Rent,4BHK,,19500.0
PROP1180,Mumbai,Urban,Rent,1BHK,,9999999.0
PROP1181,Jaipur,rural,Sale,1bhk,2797000.0,
PROP1182,Bangalore,Urban,Sale,2BHK,19325000.0,
PROP1183,Vadodara,rural,SALE,4BHK,9670000.0,
PROP1184,Chennai,Urban,RENT,2BHK,,30100.0
PROP1187,Chennai,Urban,Rent,2 BHK,,33300.0
PROP1188,Bangalore,urban,Sale,3BHK,16687000.0,
PROP1190,Hyderabad,Urban,sale,3BHK,12140000.0,
PROP1191,Nashik,Rural,For Sale,3 BHK,7686000.0,
PROP1192,Chennai,Urban,SALE,4BHK,23218000.0,
PROP1193,Nashik,,rent,4BHK,,12800.0
PROP1194,Vadodara,Rural,Rent,3BHK,,12100.0
PROP1195,Kolkata,Urban,rent,4BHK,,98400.0
PROP1196,Bangalore,URBAN,Rent,3BHK,,88100.0
PROP1198,Nashik,Rural,Rent,3BHK,,24700.0
PROP1199,Coimbatore,RURAL,RENT,3 BHK,,15300.0
PROP1201,Kolkata,URBAN,sale,2BHK,-22506000.0,
PROP1202,Patna,Rural,sale,2BHK,7384000.0,
PROP1203,Jaipur,rural,Sale,2BHK,3765000.0,
PROP1204,Coimbatore,Rural,For Sale,3BHK,6956000.0,
PROP1205,Coimbatore,rural,Sale,4BHK,7817000.0,
PROP1206,Indore,Rural,sale,,4697000.0,
PROP1208,Mumbai,Urban,Sale,2bhk,13096000.0,
PROP1209,Bangalore,Urban,Sale,4BHK,37239000.0,
PROP1211,Bangalore,Urban,RENT,2BHK,,30100.0
PROP1212,Hyderabad,urban,Sale,3 BHK,34239000.0,
PROP1214,Delhi,Urban,Rent,3 BHK,,41300.0
PROP1215,Ahmedabad,Urban,rent,2BHK,,39800.0
PROP1216,Hyderabad,Urban,Sale,1bhk,4485000.0,
PROP1217,Coimbatore,Rural,Sale,2BHK,4902000.0,
PROP1218,Bangalore,Urban,Sale,2BHK,17644000.0,
PROP1219,Lucknow,Rural,For Rent,1BHK,,6400.0
PROP1220,Kolkata,Urban,Rent,2BHK,,49000.0
PROP1221,Jaipur,rural,Rent,4BHK,,42000.0
PROP1222,Coimbatore,Rural,Sale,4BHK,15086000.0,
PROP1223,Pune,Urban,RENT,2BHK,,24700.0
PROP1224,Hyderabad,Urban,For Rent,2BHK,,38200.0
PROP1225,Jaipur,Rural,SALE,3BHK,8557000.0,
PROP1226,Indore,RURAL,Rent,2BHK,,9300.0
PROP1227,Jaipur,Rural,Rent,1 BHK,,7400.0
PROP1228,Kolkata,Urban,rent,2BHK,,22300.0
PROP1229,Hyderabad,Urban,Rent,1BHK,,24300.0
PROP1230,Kolkata,Urban,rent,3BHK,,70100.0
PROP1231,Coimbatore,rural,Sale,1BHK,3271000.0,
PROP1232,Lucknow,RURAL,For Sale,,3020000.0,
PROP1233,Hyderabad,Urban,Sale,1BHK,10784000.0,
PROP1234,Bangalore,Urban,rent,1BHK,,23700.0
PROP1235,Indore,rural,Sale,3 BHK,5034000.0,
PROP1236,Delhi,Urban,sale,2BHK,8708000.0,
PROP1237,Lucknow,Rural,Rent,1 BHK,,6900.0
PROP1238,Jaipur,Rural,Rent,3BHK,,24900.0
PROP1239,Patna,rural,Rent,4BHK,,24900.0
PROP1240,Kolkata,Urban,Rent,1bhk,,21300.0
PROP1242,Bangalore,Urban,Rent,2BHK,,56000.0
PROP1243,Pune,URBAN,Sale,1bhk,8207000.0,
PROP1244,Vadodara,Rural,Rent,1BHK,,4200.0
PROP1246,Ahmedabad,urban,,3BHK,,41300.0
PROP1247,Nashik,Rural,Sale,2BHK,3667000.0,
PROP1248,Jaipur,Rural,SALE,3BHK,6130000.0,
PROP1249,Lucknow,RURAL,sale,1BHK,3493000.0,
PROP1251,Lucknow,RURAL,Rent,2BHK,,15400.0
PROP1252,Jaipur,Rural,sale,2BHK,5950000.0,
PROP1253,Coimbatore,Rural,Rent,1bhk,,9999999.0
PROP1254,Patna,Rural,rent,4BHK,,36700.0
PROP1255,Bhopal,Rural,Rent,2BHK,,16900.0
PROP1257,Kolkata,Urban,Sale,4BHK,23747000.0,
PROP1258,Pune,Urban,Sale,3BHK,37039000.0,
PROP1259,Delhi,Urban,Rent,3BHK,,68800.0
PROP1260,Jaipur,Rural,Rent,3 BHK,,27300.0
PROP1261,Delhi,urban,Sale,2BHK,18376000.0,
PROP1262,Jaipur,Rural,SALE,3 BHK,10375000.0,
PROP1263,Indore,Rural,Sale,2BHK,7387000.0,
PROP1265,Ahmedabad,urban,SALE,4BHK,28090000.0,
PROP1266,Patna,rural,Sale,2BHK,4604000.0,
PROP1267,Mumbai,urban,Rent,2BHK,,58900.0
PROP1268,Kolkata,Urban,Rent,4BHK,,113600.0
PROP1270,Kolkata,Urban,Rent,4BHK,,9999999.0
PROP1271,Hyderabad,Urban,Sale,3BHK,20795000.0,
PROP1272,Nashik,Rural,Sale,3BHK,5651000.0,
PROP1273,Delhi,Urban,Sale,3BHK,14019000.0,
PROP1274,Mumbai,Urban,Sale,3BHK,15876000.0,
PROP1275,Ahmedabad,Urban,rent,2BHK,,29100.0
PROP1276,Lucknow,Rural,Rent,4BHK,,28300.0
PROP1277,Coimbatore,Rural,sale,3BHK,6241000.0,
PROP1278,Bhopal,Rural,Sale,1BHK,1327000.0,
PROP1279,Mumbai,Urban,Rent,4BHK,,70500.0
PROP1280,Lucknow,Rural,Sale,4BHK,11360000.0,
PROP1281,Coimbatore,,RENT,1 BHK,,3100.0
PROP1283,Coimbatore,rural,RENT,2BHK,,9999999.0
PROP1284,Kolkata,Urban,sale,3 BHK,-23183000.0,
PROP1285,Coimbatore,Rural,Rent,1BHK,,5300.0
PROP1286,Ahmedabad,Urban,sale,1 BHK,11257000.0,
PROP1288,Bhopal,rural,,2BHK,,19100.0
PROP1289,Coimbatore,Rural,RENT,1 BHK,,7700.0
PROP1290,Chennai,Urban,sale,3BHK,24001000.0,
PROP1291,Chennai,URBAN,RENT,1 BHK,,30600.0
PROP1292,Indore,Rural,,1BHK,,6300.0
PROP1293,Vadodara,Rural,Rent,2 BHK,,23800.0
PROP1294,Patna,Rural,Rent,2BHK,,9999999.0
PROP1295,Bhopal,Rural,rent,3BHK,,18300.0
PROP1296,Delhi,Urban,For Sale,3 BHK,33572000.0,
PROP1297,Vadodara,Rural,Sale,1BHK,1455000.0,
PROP1298,Nashik,Rural,Rent,3BHK,,9999999.0
PROP1299,Jaipur,Rural,Sale,2BHK,3927000.0,
PROP1300,Lucknow,Rural,Sale,4BHK,8640000.0,
PROP1301,Vadodara,rural,Sale,4BHK,4775000.0,
PROP1302,Indore,Rural,Rent,4BHK,,33900.0
PROP1305,Bangalore,Urban,For Sale,4BHK,49877000.0,
PROP1306,Nashik,Rural,Sale,1BHK,3305000.0,
PROP1307,Indore,rural,RENT,3BHK,,19100.0
PROP1308,Patna,Rural,SALE,1 BHK,1430000.0,
PROP1309,Kolkata,Urban,,4BHK,,113800.0
PROP1310,Bangalore,Urban,Rent,1BHK,,17200.0
PROP1311,Kolkata,Urban,Sale,2BHK,11026000.0,
PROP1313,Nashik,rural,Sale,2BHK,2616000.0,
PROP1314,Jaipur,Rural,Rent,3BHK,,11000.0
PROP1315,Coimbatore,RURAL,SALE,3BHK,9167000.0,
PROP1316,Ahmedabad,URBAN,Sale,2BHK,11777000.0,
PROP1317,Ahmedabad,Urban,Rent,3BHK,,69700.0
PROP1318,Mumbai,Urban,rent,2BHK,,58300.0
PROP1319,Mumbai,urban,Sale,4BHK,17124000.0,
PROP1320,Patna,rural,Rent,1BHK,,6600.0
PROP1321,Coimbatore,Rural,SALE,3BHK,7746000.0,
PROP1322,Chennai,urban,sale,2BHK,9377000.0,
PROP1323,Hyderabad,Urban,Rent,3BHK,,58600.0
PROP1324,Vadodara,Rural,Rent,1BHK,,4300.0
PROP1325,Nashik,Rural,Rent,3BHK,,24400.0
PROP1326,Kolkata,Urban,SALE,2BHK,13162000.0,
PROP1327,Lucknow,,Sale,3 BHK,-9408000.0,
PROP1328,Vadodara,Rural,sale,3 BHK,7333000.0,
PROP1329,Bhopal,Rural,Sale,1BHK,2200000.0,
PROP1330,Vadodara,Rural,Rent,2BHK,,20400.0
PROP1331,Lucknow,Rural,rent,2bhk,,16800.0
PROP1332,Bhopal,,rent,2BHK,,13200.0
PROP1333,Nashik,Rural,Rent,2bhk,,17500.0
PROP1334,Bhopal,RURAL,Sale,3BHK,5887000.0,
PROP1335,Hyderabad,urban,sale,3 BHK,19357000.0,
PROP1336,Delhi,Urban,Rent,1 BHK,,14900.0
PROP1337,Coimbatore,Rural,rent,4BHK,,35100.0
PROP1338,Chennai,urban,Rent,4BHK,,62500.0
PROP1340,Bangalore,Urban,sale,4BHK,25532000.0,
PROP1341,Indore,Rural,Sale,2BHK,3910000.0,
PROP1342,Kolkata,Urban,sale,2bhk,10274000.0,
PROP1343,Coimbatore,rural,sale,3BHK,6784000.0,
PROP1344,Kolkata,Urban,sale,2BHK,22259000.0,
PROP1346,Pune,Urban,Sale,1bhk,5842000.0,
PROP1348,Lucknow,Rural,Sale,2BHK,4312000.0,
PROP1349,Chennai,Urban,,4BHK,,103200.0
PROP1350,Coimbatore,Rural,rent,3BHK,,26400.0
PROP1351,Coimbatore,Rural,Rent,3BHK,,13500.0
PROP1352,Chennai,Urban,Rent,3 BHK,,42500.0
PROP1353,Patna,rural,SALE,1 BHK,3450000.0,
PROP1355,Hyderabad,Urban,Sale,2BHK,22686000.0,
PROP1356,Hyderabad,urban,Sale,3BHK,17515000.0,
PROP1357,Mumbai,urban,Rent,2BHK,,30000.0
PROP1358,Chennai,URBAN,rent,1bhk,,13600.0
PROP1362,Delhi,urban,Sale,2BHK,22865000.0,
PROP1364,Kolkata,urban,Rent,3BHK,,77900.0
PROP1365,Hyderabad,urban,Sale,2BHK,11074000.0,
PROP1366,Lucknow,Rural,Sale,3BHK,11087000.0,
PROP1367,Bangalore,Urban,For Sale,2BHK,17858000.0,
PROP1368,Coimbatore,RURAL,Rent,2BHK,,19700.0
PROP1369,Jaipur,Rural,Rent,3BHK,,31300.0
PROP1370,Jaipur,Rural,RENT,2BHK,,18000.0
PROP1371,Bhopal,rural,Sale,4BHK,13702000.0,
PROP1372,Bhopal,Rural,Sale,,5319000.0,
PROP1373,Coimbatore,Rural,SALE,3BHK,5249000.0,
PROP1374,Coimbatore,Rural,Sale,3 BHK,10727000.0,
PROP1375,Delhi,urban,Sale,2 BHK,9557000.0,
PROP1376,Lucknow,Rural,Sale,4BHK,11229000.0,
PROP1377,Patna,Rural,Rent,3BHK,,24700.0
PROP1379,Mumbai,Urban,Sale,3 BHK,-15746000.0,
PROP1380,Jaipur,Rural,Rent,1bhk,,5500.0
PROP1382,Indore,Rural,sale,2BHK,3753000.0,
PROP1383,Delhi,Urban,Sale,1 BHK,10953000.0,
PROP1384,Indore,Rural,SALE,4BHK,13877000.0,
PROP1385,Patna,Rural,sale,3 BHK,8572000.0,
PROP1386,Lucknow,Rural,Sale,1 BHK,2220000.0,
PROP1387,Vadodara,RURAL,Sale,4BHK,8173000.0,
PROP1388,Jaipur,Rural,Sale,3BHK,5721000.0,
PROP1390,Nashik,Rural,Rent,3BHK,,22100.0
PROP1391,Bhopal,Rural,Rent,2 BHK,,12100.0
PROP1392,Patna,Rural,Rent,1BHK,,9300.0
PROP1395,Coimbatore,Rural,Rent,1BHK,,9200.0
PROP1396,Jaipur,Rural,sale,3BHK,9905000.0,
PROP1398,Nashik,Rural,sale,1BHK,2792000.0,
PROP1399,Jaipur,Rural,Rent,1BHK,,10300.0
PROP1400,Jaipur,Rural,Rent,3BHK,,17100.0
PROP1401,Indore,Rural,Sale,1BHK,2446000.0,
PROP1402,Nashik,Rural,Rent,2BHK,,18700.0
PROP1403,Kolkata,urban,Rent,4BHK,,79500.0
PROP1404,Bhopal,Rural,Rent,2BHK,,4000.0
PROP1405,Delhi,URBAN,RENT,3BHK,,57800.0
PROP1406,Coimbatore,Rural,For Rent,2BHK,,7800.0
PROP1407,Jaipur,Rural,Sale,,4395000.0,
PROP1408,Patna,RURAL,Sale,3BHK,7205000.0,
PROP1409,Indore,Rural,Rent,2BHK,,6900.0
PROP1410,Mumbai,Urban,sale,1BHK,10539000.0,
PROP1411,Patna,Rural,Sale,3 BHK,4487000.0,
PROP1412,Lucknow,rural,For Sale,3BHK,7871000.0,
PROP1414,Chennai,URBAN,Rent,3BHK,,59100.0
PROP1415,Bhopal,Rural,Sale,2BHK,6815000.0,
PROP1416,Patna,Rural,Sale,2BHK,4414000.0,
PROP1418,Jaipur,Rural,rent,3BHK,,12300.0
PROP1419,Jaipur,Rural,Rent,3BHK,,9999999.0
PROP1422,Vadodara,Rural,RENT,1BHK,,1600.0
PROP1423,Nashik,rural,Rent,4BHK,,36200.0
PROP1424,Kolkata,URBAN,rent,1BHK,,14700.0
PROP1426,Bangalore,Urban,For Sale,4BHK,48924000.0,
PROP1427,Vadodara,Rural,Sale,4BHK,13397000.0,
PROP1428,Bhopal,Rural,Sale,1BHK,3481000.0,
PROP1429,Jaipur,Rural,sale,2BHK,2771000.0,
PROP1430,Ahmedabad,Urban,rent,2BHK,,30900.0
PROP1431,Jaipur,,Rent,1BHK,,8200.0
PROP1432,Delhi,Urban,Rent,4BHK,,117400.0
PROP1433,Bangalore,Urban,rent,3BHK,,32100.0
PROP1434,Delhi,Urban,sale,2BHK,23539000.0,
PROP1435,Patna,Rural,sale,3BHK,10678000.0,
PROP1436,Lucknow,rural,Sale,3BHK,5264000.0,
PROP1437,Coimbatore,Rural,SALE,2BHK,4817000.0,
PROP1438,Vadodara,Rural,sale,1BHK,2161000.0,
PROP1439,Pune,urban,Rent,3BHK,,47900.0
PROP1440,Ahmedabad,Urban,Sale,2 BHK,14786000.0,
PROP1441,Vadodara,Rural,RENT,2BHK,,18300.0
PROP1442,Coimbatore,Rural,Rent,2BHK,,11300.0
PROP1443,Ahmedabad,Urban,Rent,2BHK,,48200.0
PROP1444,Chennai,Urban,Rent,3 BHK,,83800.0
PROP1445,Bangalore,urban,rent,2BHK,,22500.0
PROP1446,Indore,Rural,Sale,3BHK,5408000.0,
PROP1447,Bangalore,Urban,RENT,3BHK,,9999999.0
PROP1448,Ahmedabad,Urban,Rent,2BHK,,24900.0
PROP1449,Chennai,URBAN,For Rent,2BHK,,48400.0
PROP1450,Hyderabad,Urban,Sale,4BHK,33850000.0,
PROP1451,Chennai,urban,Sale,3BHK,32908000.0,
PROP1452,Ahmedabad,Urban,Sale,3BHK,27487000.0,
PROP1453,Hyderabad,Urban,Rent,1 BHK,,22800.0
PROP1454,Vadodara,Rural,Sale,3BHK,6286000.0,
PROP1455,Kolkata,Urban,Sale,2 BHK,21178000.0,
PROP1456,Jaipur,Rural,sale,2BHK,5931000.0,
PROP1457,Mumbai,urban,RENT,3BHK,,74900.0
PROP1458,Pune,urban,Sale,1 BHK,9261000.0,
PROP1460,Mumbai,Urban,For Rent,2BHK,,50900.0
PROP1461,Indore,Rural,Rent,3 BHK,,18300.0
PROP1462,Chennai,Urban,Sale,4BHK,29938000.0,
PROP1464,Mumbai,Urban,Sale,2BHK,21024000.0,
PROP1466,Hyderabad,Urban,Sale,3BHK,34362000.0,
PROP1468,Nashik,Rural,rent,1BHK,,11700.0
PROP1469,Ahmedabad,urban,Rent,1BHK,,16500.0
PROP1470,Bangalore,urban,Sale,3BHK,26186000.0,
PROP1472,Kolkata,urban,For Rent,3BHK,,50300.0
PROP1473,Pune,Urban,For Sale,3BHK,30708000.0,
PROP1474,Ahmedabad,Urban,Rent,1BHK,,26800.0
PROP1475,Hyderabad,Urban,SALE,3 BHK,20071000.0,
PROP1476,Coimbatore,RURAL,Sale,2BHK,6754000.0,
PROP1477,Indore,Rural,Rent,1BHK,,4800.0
PROP1478,Coimbatore,Rural,Rent,2 BHK,,9999999.0
PROP1479,Bhopal,Rural,rent,3 BHK,,10900.0
PROP1480,Kolkata,Urban,Rent,2BHK,,39000.0
PROP1481,Pune,urban,Sale,1BHK,6974000.0,
PROP1482,Ahmedabad,Urban,Sale,3BHK,17833000.0,
PROP1483,Patna,rural,SALE,3BHK,9838000.0,
PROP1484,Coimbatore,Rural,Rent,2BHK,,13400.0
PROP1485,Chennai,Urban,sale,3BHK,18966000.0,
PROP1486,Patna,Rural,Rent,2 BHK,,13900.0
PROP1487,Ahmedabad,Urban,Sale,2BHK,24785000.0,
PROP1488,Nashik,rural,RENT,3BHK,,24000.0
PROP1489,Jaipur,rural,,4BHK,,19300.0
PROP1490,Patna,rural,Sale,2BHK,2808000.0,
PROP1491,Hyderabad,urban,sale,2bhk,10457000.0,
PROP1492,Jaipur,RURAL,Sale,3BHK,8233000.0,
PROP1493,Kolkata,Urban,Sale,3BHK,36040000.0,
PROP1494,Nashik,RURAL,Sale,2BHK,4651000.0,
PROP1495,Mumbai,Urban,Sale,2BHK,12846000.0,
PROP1496,Ahmedabad,Urban,Sale,1BHK,8951000.0,
PROP1498,Mumbai,URBAN,SALE,3BHK,26343000.0,
PROP1499,Indore,rural,Sale,3BHK,3676000.0,
PROP1500,Pune,Urban,SALE,1BHK,12215000.0,
PROP1501,Hyderabad,urban,Sale,3 BHK,32791000.0,
PROP1502,Lucknow,rural,Sale,2BHK,3199000.0,
PROP1503,Nashik,Rural,Sale,3BHK,9810000.0,
PROP1504,Jaipur,Rural,rent,3BHK,,16100.0
PROP1505,Hyderabad,Urban,,3BHK,,51800.0
PROP1506,Pune,Urban,rent,1 BHK,,31500.0
PROP1507,Mumbai,URBAN,sale,3BHK,25154000.0,
PROP1508,Patna,Rural,Sale,4BHK,10886000.0,
PROP1509,Patna,Rural,Rent,2BHK,,17100.0
PROP1510,Hyderabad,Urban,Sale,4BHK,18925000.0,
PROP1511,Delhi,Urban,RENT,4BHK,,64900.0
PROP1512,Ahmedabad,Urban,RENT,2 BHK,,48700.0
PROP1513,Bhopal,Rural,Sale,3 BHK,5513000.0,
PROP1515,Chennai,Urban,Sale,3BHK,25647000.0,
PROP1516,Bhopal,Rural,For Sale,3BHK,7495000.0,
PROP1517,Ahmedabad,URBAN,Rent,2BHK,,37300.0
PROP1518,Lucknow,rural,Rent,3BHK,,22200.0
PROP1519,Chennai,URBAN,Rent,2BHK,,30800.0
PROP1521,Patna,RURAL,Rent,4BHK,,20800.0
PROP1522,Kolkata,Urban,Rent,2BHK,,34800.0
PROP1523,Bhopal,RURAL,Sale,1BHK,3841000.0,
PROP1524,Lucknow,RURAL,SALE,3BHK,9251000.0,
PROP1525,Coimbatore,RURAL,Sale,1BHK,1893000.0,
PROP1526,Coimbatore,Rural,RENT,2BHK,,10400.0
PROP1527,Vadodara,Rural,RENT,2BHK,,6700.0
PROP1528,Patna,RURAL,Rent,3BHK,,28700.0
PROP1529,Indore,Rural,For Sale,,7019000.0,
PROP1530,Mumbai,urban,,1BHK,,16800.0
PROP1531,Ahmedabad,Urban,Sale,2BHK,23149000.0,
PROP1532,Jaipur,,Rent,1BHK,,4800.0
PROP1534,Hyderabad,Urban,Sale,2bhk,21944000.0,
PROP1535,Nashik,Rural,rent,3BHK,,18700.0
PROP1536,Vadodara,Rural,Rent,3BHK,,30300.0
PROP1537,Lucknow,Rural,sale,3BHK,3792000.0,
PROP1538,Hyderabad,Urban,SALE,4BHK,38651000.0,
PROP1539,Mumbai,Urban,rent,3BHK,,68900.0
PROP1540,Kolkata,Urban,Sale,2BHK,22335000.0,
PROP1541,Jaipur,rural,Rent,1 BHK,,4300.0
PROP1542,Patna,rural,sale,2BHK,2358000.0,
PROP1543,Bangalore,urban,,2 BHK,,57400.0
PROP1544,Patna,,Sale,2BHK,5309000.0,
PROP1545,Jaipur,RURAL,Sale,2BHK,5424000.0,
PROP1546,Kolkata,urban,Sale,3BHK,37575000.0,
PROP1547,Coimbatore,Rural,,2BHK,,13900.0
PROP1548,Patna,Rural,sale,2BHK,2505000.0,
PROP1549,Jaipur,rural,Rent,2 BHK,,20000.0
PROP1550,Jaipur,Rural,Rent,2BHK,,18600.0
PROP1551,Jaipur,Rural,rent,3BHK,,17700.0
PROP1552,Patna,rural,rent,3BHK,,19200.0
PROP1553,Patna,Rural,Rent,3BHK,,15300.0
PROP1554,Nashik,RURAL,Rent,3BHK,,31100.0
PROP1555,Nashik,Rural,Sale,2BHK,7137000.0,
PROP1556,Mumbai,URBAN,RENT,2bhk,,38900.0
PROP1558,Indore,Rural,RENT,2BHK,,24900.0
PROP1559,Bhopal,rural,sale,2BHK,4691000.0,
PROP1560,Nashik,Rural,sale,2BHK,3570000.0,
PROP1561,Jaipur,RURAL,rent,2BHK,,19700.0
PROP1562,Indore,Rural,Rent,3BHK,,14700.0
PROP1563,Bhopal,rural,Rent,3 BHK,,18600.0
PROP1564,Patna,Rural,Sale,1 BHK,951000.0,
PROP1565,Mumbai,Urban,Sale,4BHK,42578000.0,
PROP1566,Coimbatore,Rural,Sale,4BHK,7628000.0,
PROP1567,Jaipur,rural,Sale,1BHK,2902000.0,
PROP1568,Ahmedabad,urban,Rent,2BHK,,48700.0
PROP1569,Indore,Rural,Rent,2BHK,,17500.0
PROP1570,Coimbatore,Rural,sale,2BHK,3495000.0,
PROP1571,Hyderabad,Urban,sale,3 BHK,28559000.0,
PROP1572,Lucknow,Rural,Sale,3BHK,7376000.0,
PROP1573,Mumbai,Urban,rent,3BHK,,64300.0
PROP1574,Bhopal,rural,Sale,2BHK,-5830000.0,
PROP1576,Hyderabad,Urban,Rent,3BHK,,58300.0
PROP1577,Delhi,Urban,Sale,4BHK,22841000.0,
PROP1578,Hyderabad,Urban,Rent,1BHK,,28500.0
PROP1579,Coimbatore,Rural,Rent,2BHK,,11900.0
PROP1580,Kolkata,urban,SALE,1BHK,5273000.0,
PROP1581,Jaipur,Rural,For Sale,2BHK,6324000.0,
PROP1582,Jaipur,Rural,Sale,2BHK,3961000.0,
PROP1583,Ahmedabad,URBAN,For Sale,3BHK,22620000.0,
PROP1584,Hyderabad,Urban,Sale,4BHK,24986000.0,
PROP1585,Bhopal,Rural,SALE,1bhk,-3282000.0,
PROP1586,Jaipur,Rural,Sale,1 BHK,3677000.0,
PROP1587,Chennai,Urban,sale,2BHK,16910000.0,
PROP1588,Mumbai,Urban,Rent,1bhk,,17700.0
PROP1589,Hyderabad,Urban,Sale,2BHK,10254000.0,
PROP1590,Bangalore,Urban,Rent,2BHK,,52400.0
PROP1591,Mumbai,Urban,Rent,3BHK,,79700.0
PROP1592,Chennai,urban,SALE,3BHK,20085000.0,
PROP1593,Nashik,Rural,Rent,3BHK,,29200.0
PROP1594,Lucknow,Rural,Rent,1BHK,,4400.0
PROP1596,Ahmedabad,Urban,rent,4BHK,,50700.0
PROP1597,Vadodara,Rural,rent,3BHK,,17600.0
PROP1598,Mumbai,Urban,Sale,2BHK,19582000.0,
PROP1599,Bhopal,RURAL,Sale,3BHK,-8367000.0,
PROP1600,Patna,Rural,Rent,3BHK,,24000.0
PROP1601,Chennai,Urban,Sale,3BHK,14457000.0,
PROP1602,Mumbai,urban,Sale,3BHK,20896000.0,
PROP1603,Jaipur,Rural,Rent,4BHK,,26300.0
PROP1604,Lucknow,Rural,Rent,2 BHK,,17200.0
PROP1605,Hyderabad,Urban,sale,3BHK,36274000.0,
PROP1606,Vadodara,Rural,For Sale,3BHK,11092000.0,
PROP1607,Mumbai,Urban,Rent,2BHK,,35200.0
PROP1608,Pune,Urban,sale,1BHK,10881000.0,
PROP1609,Chennai,Urban,Rent,3 BHK,,62500.0
PROP1610,Bangalore,Urban,RENT,3 BHK,,90000.0
PROP1612,Hyderabad,urban,sale,3BHK,15142000.0,
PROP1613,Coimbatore,Rural,Sale,2BHK,6766000.0,
PROP1614,Mumbai,Urban,sale,2BHK,24900000.0,
PROP1615,Kolkata,Urban,Rent,3BHK,,87400.0
PROP1616,Hyderabad,urban,Rent,3BHK,,53800.0
PROP1617,Nashik,Rural,For Sale,3BHK,4789000.0,
PROP1618,Kolkata,urban,sale,2bhk,17059000.0,
PROP1619,Kolkata,urban,Sale,1 BHK,6392000.0,
PROP1620,Ahmedabad,URBAN,Sale,3BHK,29326000.0,
PROP1622,Patna,Rural,Rent,2BHK,,22000.0
PROP1623,Bangalore,Urban,Sale,2BHK,21422000.0,
PROP1624,Jaipur,Rural,Rent,4BHK,,15100.0
PROP1625,Jaipur,Rural,For Rent,2BHK,,9900.0
PROP1626,Bangalore,Urban,Rent,3BHK,,64100.0
PROP1627,Lucknow,rural,Rent,3BHK,,11600.0
PROP1628,Kolkata,Urban,rent,2 BHK,,46100.0
PROP1630,Chennai,Urban,Sale,1BHK,-7285000.0,
PROP1631,Jaipur,rural,Sale,1BHK,2238000.0,
PROP1632,Ahmedabad,Urban,For Rent,1BHK,,16700.0
PROP1633,Nashik,Rural,Sale,2BHK,6842000.0,
PROP1635,Bhopal,rural,Rent,4BHK,,34500.0
PROP1636,Indore,RURAL,For Sale,2 BHK,3116000.0,
PROP1637,Vadodara,Rural,SALE,3BHK,5846000.0,
PROP1638,Nashik,Rural,For Rent,1 BHK,,6100.0
PROP1639,Lucknow,rural,Sale,4BHK,8277000.0,
PROP1640,Jaipur,Rural,Sale,2BHK,5657000.0,
PROP1641,Ahmedabad,Urban,Sale,3BHK,19877000.0,
PROP1642,Indore,Rural,sale,3 BHK,3634000.0,
PROP1643,Hyderabad,Urban,Sale,3BHK,13304000.0,
PROP1644,Chennai,urban,Sale,2BHK,15197000.0,
PROP1645,Bangalore,Urban,Rent,2BHK,,52000.0
PROP1646,Ahmedabad,Urban,Sale,1BHK,4487000.0,
PROP1647,Jaipur,Rural,Rent,1BHK,,5900.0
PROP1648,Patna,rural,Rent,4BHK,,21400.0
PROP1649,Lucknow,rural,sale,2BHK,4716000.0,
PROP1650,Lucknow,,Rent,2BHK,,16700.0
PROP1651,Kolkata,Urban,RENT,3BHK,,54500.0
PROP1652,Lucknow,rural,Rent,3BHK,,25200.0
PROP1653,Mumbai,Urban,For Rent,3BHK,,75800.0
PROP1654,Mumbai,Urban,Sale,2BHK,12817000.0,
PROP1655,Mumbai,URBAN,Sale,3BHK,15683000.0,
PROP1656,Lucknow,Rural,Sale,1 BHK,2695000.0,
PROP1657,Vadodara,Rural,Rent,2BHK,,17500.0
PROP1658,Lucknow,Rural,Rent,3BHK,,18000.0
PROP1659,Bhopal,rural,,2BHK,,22800.0
PROP1660,Indore,Rural,rent,3BHK,,17300.0
PROP1661,Patna,Rural,Rent,1BHK,,8100.0
PROP1662,Jaipur,Rural,Sale,2BHK,6234000.0,
PROP1663,Nashik,Rural,For Rent,2 BHK,,17500.0
PROP1664,Lucknow,Rural,Sale,2 BHK,6131000.0,
PROP1665,Pune,Urban,Rent,4BHK,,82800.0
PROP1666,Vadodara,Rural,Rent,3BHK,,26100.0
PROP1667,Pune,Urban,sale,4BHK,32372000.0,
PROP1668,Bhopal,Rural,SALE,2BHK,7104000.0,
PROP1670,Ahmedabad,Urban,Sale,3BHK,19725000.0,
PROP1671,Mumbai,urban,SALE,2 BHK,10895000.0,
PROP1672,Jaipur,Rural,RENT,3BHK,,16300.0
PROP1673,Jaipur,Rural,Sale,3BHK,8359000.0,
PROP1674,Jaipur,rural,rent,2BHK,,14200.0
PROP1675,Jaipur,rural,Sale,3BHK,-4356000.0,
PROP1676,Nashik,Rural,For Sale,2BHK,5821000.0,
PROP1677,Delhi,Urban,Rent,1BHK,,18700.0
PROP1680,Jaipur,Rural,Rent,2BHK,,13400.0
PROP1681,Vadodara,Rural,Sale,3BHK,9161000.0,
PROP1682,Pune,urban,SALE,3BHK,31765000.0,
PROP1683,Pune,Urban,Rent,2BHK,,23700.0
PROP1684,Delhi,Urban,For Rent,1 BHK,,14900.0
PROP1685,Jaipur,rural,For Sale,1 BHK,2515000.0,
PROP1686,Chennai,urban,,4BHK,,116000.0
PROP1687,Kolkata,Urban,SALE,4BHK,34887000.0,
PROP1688,Hyderabad,URBAN,Rent,1BHK,,26000.0
PROP1689,Bhopal,Rural,Rent,3BHK,,11200.0
PROP1690,Patna,rural,RENT,3BHK,,24800.0
PROP1691,Kolkata,urban,Rent,2BHK,,29100.0
PROP1692,Hyderabad,URBAN,,3BHK,,66600.0
PROP1693,Kolkata,Urban,Rent,3BHK,,80500.0
PROP1694,Mumbai,Urban,Sale,2BHK,10391000.0,
PROP1695,Pune,URBAN,Rent,3BHK,,68700.0
PROP1696,Bangalore,Urban,For Sale,3BHK,26339000.0,
PROP1697,Mumbai,Urban,Sale,1BHK,4958000.0,
PROP1698,Coimbatore,Rural,Sale,2BHK,2380000.0,
PROP1699,Nashik,Rural,rent,1BHK,,6400.0
PROP1700,Indore,rural,Rent,4BHK,,22300.0
PROP1702,Bangalore,Urban,Sale,2BHK,22074000.0,
PROP1704,Lucknow,rural,Rent,1BHK,,6800.0
PROP1706,Hyderabad,urban,Sale,2BHK,16018000.0,
PROP1707,Nashik,Rural,rent,1BHK,,11000.0
PROP1708,Chennai,Urban,Sale,4BHK,30707000.0,
PROP1709,Bhopal,Rural,SALE,3 BHK,9898000.0,
PROP1710,Bhopal,,Sale,4BHK,10701000.0,
PROP1711,Chennai,Urban,sale,1BHK,7904000.0,
PROP1712,Nashik,rural,Rent,2BHK,,10900.0
PROP1713,Delhi,URBAN,Sale,2BHK,-15472000.0,
PROP1714,Hyderabad,Urban,,3BHK,,9999999.0
PROP1715,Coimbatore,Rural,Sale,2BHK,3980000.0,
PROP1716,Pune,Urban,SALE,3 BHK,24891000.0,
PROP1717,Ahmedabad,Urban,RENT,2 BHK,,24700.0
PROP1718,Indore,Rural,Sale,2BHK,5266000.0,
PROP1719,Delhi,Urban,Rent,1bhk,,15300.0
PROP1720,Bhopal,Rural,Rent,2BHK,,17800.0
PROP1721,Hyderabad,Urban,Rent,2BHK,,42000.0
PROP1722,Ahmedabad,Urban,sale,3BHK,18208000.0,
PROP1723,Patna,Rural,SALE,3BHK,8713000.0,
PROP1724,Vadodara,rural,,1 BHK,,5400.0
PROP1725,Hyderabad,Urban,Rent,1 BHK,,9999999.0
PROP1726,Jaipur,Rural,Sale,2BHK,3189000.0,
PROP1727,Indore,Rural,rent,2BHK,,11100.0
PROP1728,Coimbatore,rural,RENT,2BHK,,9000.0
PROP1729,Coimbatore,RURAL,Sale,3BHK,4303000.0,
PROP1730,Jaipur,rural,Rent,3BHK,,22300.0
PROP1731,Pune,urban,Rent,2BHK,,40500.0
PROP1732,Chennai,Urban,Rent,2BHK,,63600.0
PROP1734,Delhi,Urban,Sale,2BHK,24709000.0,
PROP1735,Coimbatore,rural,Sale,3BHK,7869000.0,
PROP1736,Lucknow,Rural,Rent,1BHK,,9999999.0
PROP1737,Bhopal,Rural,sale,3BHK,7321000.0,
PROP1739,Bangalore,URBAN,Rent,2BHK,,25300.0
PROP1740,Hyderabad,urban,Rent,1BHK,,12100.0
PROP1741,Hyderabad,Urban,Rent,3 BHK,,45500.0
PROP1742,Pune,urban,Sale,3BHK,27316000.0,
PROP1743,Lucknow,Rural,Sale,1BHK,-1880000.0,
PROP1745,Jaipur,Rural,Sale,2BHK,4365000.0,
PROP1746,Vadodara,rural,rent,4BHK,,32800.0
PROP1747,Indore,Rural,sale,4BHK,5121000.0,
PROP1749,Delhi,URBAN,Rent,1BHK,,25500.0
PROP1750,Coimbatore,,Rent,3BHK,,15900.0
PROP1752,Ahmedabad,Urban,RENT,,,29700.0
PROP1753,Ahmedabad,urban,Rent,3BHK,,72100.0
PROP1754,Ahmedabad,Urban,Sale,2BHK,12566000.0,
PROP1756,Chennai,Urban,rent,3BHK,,57400.0
PROP1757,Hyderabad,urban,Rent,3BHK,,76200.0
PROP1759,Vadodara,Rural,RENT,1BHK,,6500.0
PROP1760,Coimbatore,Rural,Rent,2BHK,,14900.0
PROP1761,Hyderabad,URBAN,Sale,2BHK,20890000.0,
PROP1762,Nashik,Rural,RENT,3BHK,,15300.0
PROP1763,Coimbatore,rural,Sale,3 BHK,7669000.0,
PROP1764,Vadodara,rural,Sale,2BHK,6065000.0,
PROP1765,Bangalore,Urban,Sale,1BHK,4236000.0,
PROP1766,Patna,rural,Sale,3BHK,8558000.0,
PROP1767,Jaipur,RURAL,sale,3BHK,4725000.0,
PROP1768,Pune,urban,Sale,1BHK,7913000.0,
PROP1770,Indore,Rural,sale,3BHK,4484000.0,
PROP1771,Lucknow,Rural,Sale,4BHK,8266000.0,
PROP1772,Mumbai,Urban,SALE,2BHK,15916000.0,
PROP1773,Vadodara,Rural,Rent,2BHK,,16400.0
PROP1774,Chennai,Urban,For Rent,3 BHK,,36500.0
PROP1775,Pune,urban,rent,4BHK,,77300.0
PROP1776,Patna,rural,Sale,1bhk,1425000.0,
PROP1777,Kolkata,Urban,Sale,1BHK,-12297000.0,
PROP1778,Lucknow,Rural,Rent,4BHK,,18900.0
PROP1779,Pune,Urban,Sale,1BHK,9879000.0,
PROP1780,Ahmedabad,Urban,Sale,3 BHK,19075000.0,
PROP1781,Bhopal,Rural,Sale,1BHK,3573000.0,
PROP1782,Lucknow,Rural,Rent,1BHK,,10800.0
PROP1783,Nashik,Rural,Sale,2BHK,3092000.0,
PROP1784,Mumbai,URBAN,SALE,2BHK,17541000.0,
PROP1785,Pune,Urban,For Rent,1BHK,,23500.0
PROP1787,Bhopal,RURAL,SALE,3 BHK,8632000.0,
PROP1788,Vadodara,Rural,Sale,1BHK,1991000.0,
PROP1789,Nashik,Rural,Sale,2BHK,6491000.0,
PROP1790,Ahmedabad,Urban,Rent,2BHK,,37700.0
PROP1791,Bhopal,Rural,For Rent,4BHK,,16000.0
PROP1792,Chennai,Urban,Sale,4BHK,-42870000.0,
PROP1793,Hyderabad,Urban,rent,2BHK,,42900.0
PROP1794,Ahmedabad,Urban,Sale,2BHK,23578000.0,
PROP1795,Lucknow,Rural,Sale,3 BHK,4492000.0,
PROP1796,Ahmedabad,urban,Sale,2BHK,23682000.0,
PROP1798,Indore,Rural,Sale,1bhk,1815000.0,
PROP1799,Kolkata,urban,For Sale,1 BHK,5757000.0,
PROP1800,Coimbatore,RURAL,Rent,1BHK,,4900.0
PROP1801,Kolkata,urban,SALE,2BHK,10786000.0,
PROP1802,Delhi,URBAN,Sale,1BHK,7093000.0,
PROP1803,Ahmedabad,Urban,Sale,1BHK,6871000.0,
PROP1804,Vadodara,Rural,sale,1BHK,1890000.0,
PROP1805,Coimbatore,Rural,Rent,3BHK,,28600.0
PROP1806,Patna,Rural,Rent,2BHK,,20400.0
PROP1807,Ahmedabad,Urban,rent,3BHK,,75800.0
PROP1808,Nashik,Rural,Rent,2 BHK,,8100.0
PROP1809,Bangalore,Urban,Sale,4BHK,28181000.0,
PROP1810,Nashik,rural,Sale,2BHK,6516000.0,
PROP1812,Jaipur,Rural,Sale,2BHK,3296000.0,
PROP1813,Bangalore,URBAN,Rent,2BHK,,36800.0
PROP1814,Indore,Rural,rent,3BHK,,14800.0
PROP1815,Delhi,Urban,For Rent,1 BHK,,25400.0
PROP1816,Bhopal,rural,Rent,2 BHK,,9100.0
PROP1817,Patna,Rural,Sale,2 BHK,7304000.0,
PROP1818,Pune,Urban,Sale,1BHK,9876000.0,
PROP1819,Indore,Rural,For Rent,3BHK,,25200.0
PROP1820,Kolkata,Urban,RENT,2BHK,,54200.0
PROP1822,Bangalore,Urban,Rent,4BHK,,67700.0
PROP1823,Delhi,Urban,Sale,3BHK,23846000.0,
PROP1824,Patna,Rural,Rent,1BHK,,11500.0
PROP1825,Ahmedabad,Urban,Rent,2BHK,,47600.0
PROP1826,Nashik,rural,Rent,2BHK,,5800.0
PROP1827,Indore,Rural,sale,2 BHK,2911000.0,
PROP1828,Nashik,Rural,Rent,3 BHK,,14500.0
PROP1829,Chennai,Urban,Rent,2bhk,,28400.0
PROP1830,Bhopal,rural,sale,2BHK,3392000.0,
PROP1831,Nashik,Rural,Sale,3BHK,7603000.0,
PROP1833,Ahmedabad,Urban,Rent,2BHK,,9999999.0
PROP1834,Bhopal,rural,Sale,2BHK,4478000.0,
PROP1835,Bangalore,Urban,For Sale,1 BHK,7198000.0,
PROP1836,Nashik,Rural,Sale,2 BHK,4905000.0,
PROP1837,Ahmedabad,Urban,Rent,4BHK,,110500.0
PROP1838,Mumbai,urban,Sale,1BHK,4905000.0,
PROP1839,Nashik,RURAL,Rent,2BHK,,21300.0
PROP1840,Lucknow,Rural,Rent,3BHK,,18900.0
PROP1841,Ahmedabad,Urban,Sale,4BHK,32994000.0,
PROP1843,Lucknow,Rural,For Rent,3BHK,,11800.0
PROP1844,Coimbatore,RURAL,,3 BHK,,17100.0
PROP1845,Ahmedabad,URBAN,Rent,2BHK,,23600.0
PROP1846,Patna,Rural,Rent,2BHK,,14800.0
PROP1847,Pune,Urban,sale,2 BHK,23714000.0,
PROP1848,Bhopal,Rural,Rent,2BHK,,6200.0
PROP1849,Indore,rural,SALE,3 BHK,8017000.0,
PROP1850,Lucknow,,Sale,2BHK,3769000.0,
PROP1851,Coimbatore,RURAL,Sale,3BHK,5099000.0,
PROP1852,Coimbatore,rural,Sale,1BHK,3566000.0,
PROP1853,Vadodara,Rural,Rent,3BHK,,25400.0
PROP1854,Ahmedabad,Urban,rent,3BHK,,80700.0
PROP1855,Mumbai,Urban,,3BHK,,9999999.0
PROP1857,Nashik,Rural,For Sale,4BHK,14686000.0,
PROP1858,Indore,rural,RENT,3BHK,,26700.0
PROP1859,Patna,rural,Sale,1BHK,2411000.0,
PROP1860,Jaipur,Rural,sale,3BHK,4459000.0,
PROP1861,Nashik,Rural,Rent,4BHK,,37500.0
PROP1863,Delhi,Urban,rent,1BHK,,17500.0
PROP1864,Bhopal,,Sale,2BHK,4096000.0,
PROP1865,Indore,Rural,Rent,4BHK,,39300.0
PROP1866,Bangalore,URBAN,rent,2 BHK,,36800.0
PROP1868,Hyderabad,Urban,sale,3BHK,25941000.0,
PROP1869,Coimbatore,rural,Sale,3BHK,9792000.0,
PROP1870,Kolkata,Urban,Sale,2BHK,17756000.0,
PROP1871,Ahmedabad,Urban,For Sale,3BHK,16675000.0,
PROP1872,Jaipur,Rural,Rent,2BHK,,18000.0
PROP1873,Bhopal,Rural,rent,3BHK,,23400.0
PROP1874,Chennai,Urban,Sale,1BHK,-9198000.0,
PROP1875,Chennai,urban,sale,3BHK,29358000.0,
PROP1876,Bhopal,Rural,Rent,4BHK,,17100.0
PROP1878,Pune,Urban,Sale,2 BHK,11391000.0,
PROP1879,Indore,rural,Rent,3 BHK,,12600.0
PROP1880,Nashik,Rural,rent,3BHK,,12100.0
PROP1881,Bangalore,Urban,Rent,2BHK,,32400.0
PROP1882,Coimbatore,Rural,Rent,4BHK,,18200.0
PROP1883,Pune,Urban,Sale,3BHK,25553000.0,
PROP1884,Lucknow,RURAL,For Sale,3BHK,8526000.0,
PROP1885,Nashik,RURAL,Rent,3BHK,,21000.0
PROP1886,Kolkata,Urban,Sale,1BHK,8142000.0,
PROP1887,Jaipur,Rural,Rent,2BHK,,12600.0
PROP1888,Nashik,Rural,Sale,1BHK,3526000.0,
PROP1889,Hyderabad,Urban,rent,3BHK,,87600.0
PROP1890,Bangalore,Urban,Rent,1BHK,,23400.0
PROP1891,Indore,Rural,Rent,2BHK,,9400.0
PROP1892,Chennai,Urban,RENT,1BHK,,29200.0
PROP1893,Kolkata,Urban,Rent,2BHK,,60000.0
PROP1894,Lucknow,Rural,Sale,1BHK,2269000.0,
PROP1895,Mumbai,urban,SALE,1bhk,8311000.0,
PROP1896,Lucknow,RURAL,Rent,2BHK,,15000.0
PROP1897,Bhopal,RURAL,Rent,1BHK,,3600.0
PROP1898,Bangalore,Urban,Sale,2 BHK,16283000.0,
PROP1899,Bhopal,Rural,Sale,2BHK,6965000.0,
PROP1900,Nashik,Rural,Sale,2BHK,5019000.0,
PROP1901,Kolkata,urban,Rent,1BHK,,17700.0
PROP1902,Delhi,Urban,rent,2BHK,,19900.0
PROP1903,Bhopal,RURAL,Rent,4BHK,,40100.0
PROP1904,Hyderabad,Urban,For Rent,2BHK,,31300.0
PROP1905,Patna,Rural,sale,2BHK,2405000.0,
PROP1906,Kolkata,Urban,rent,1 BHK,,21300.0
PROP1907,Bhopal,Rural,Sale,1BHK,3454000.0,
PROP1908,Indore,Rural,Rent,3BHK,,21800.0
PROP1910,Ahmedabad,Urban,Rent,3BHK,,38900.0
PROP1911,Delhi,urban,sale,2BHK,13168000.0,
PROP1912,Pune,urban,For Rent,4BHK,,92000.0
PROP1913,Mumbai,urban,,3BHK,,57100.0
PROP1914,Bhopal,Rural,rent,4BHK,,38700.0
PROP1915,Nashik,Rural,rent,2BHK,,11600.0
PROP1916,Indore,RURAL,Rent,4BHK,,18500.0
PROP1917,Patna,RURAL,Sale,3BHK,4145000.0,
PROP1918,Coimbatore,rural,For Sale,2BHK,4332000.0,
PROP1920,Bangalore,Urban,rent,4BHK,,60700.0
PROP1921,Vadodara,rural,Sale,3BHK,9605000.0,
PROP1922,Nashik,Rural,Sale,2BHK,3547000.0,
PROP1923,Delhi,Urban,Sale,1bhk,9837000.0,
PROP1924,Pune,Urban,Sale,1 BHK,5153000.0,
PROP1925,Jaipur,Rural,Sale,1 BHK,2545000.0,
PROP1926,Patna,rural,For Sale,2BHK,3472000.0,
PROP1927,Pune,urban,Sale,2BHK,18393000.0,
PROP1928,Jaipur,Rural,Rent,4BHK,,15100.0
PROP1929,Pune,Urban,Sale,1 BHK,6245000.0,
PROP1930,Chennai,Urban,Sale,2BHK,11718000.0,
PROP1931,Lucknow,Rural,Rent,2BHK,,11900.0
PROP1932,Nashik,Rural,Rent,1 BHK,,7500.0
PROP1933,Vadodara,Rural,Sale,2BHK,4072000.0,
PROP1934,Ahmedabad,Urban,RENT,3BHK,,82200.0
PROP1935,Hyderabad,Urban,Rent,2BHK,,46300.0
PROP1936,Lucknow,Rural,Rent,2BHK,,11800.0
PROP1937,Hyderabad,Urban,RENT,2BHK,,21400.0
PROP1938,Indore,rural,sale,1BHK,2268000.0,
PROP1939,Lucknow,Rural,Rent,1BHK,,9700.0
PROP1940,Lucknow,rural,Rent,1 BHK,,4200.0
PROP1941,Ahmedabad,URBAN,sale,1 BHK,11218000.0,
PROP1942,Coimbatore,Rural,For Rent,2BHK,,15400.0
PROP1943,Delhi,Urban,Rent,2BHK,,48400.0
PROP1945,Chennai,urban,Sale,2BHK,23448000.0,
PROP1946,Chennai,urban,Sale,3 BHK,29936000.0,
PROP1947,Vadodara,,RENT,2BHK,,10000.0
PROP1948,Nashik,Rural,rent,3BHK,,28900.0
PROP1949,Delhi,Urban,Sale,1BHK,7114000.0,
PROP1950,Chennai,Urban,Sale,3BHK,25568000.0,
PROP1951,Chennai,urban,Sale,1BHK,8794000.0,
PROP1952,Lucknow,Rural,Rent,2BHK,,18400.0
PROP1953,Kolkata,URBAN,Rent,2BHK,,9999999.0
PROP1954,Vadodara,rural,Rent,1BHK,,6500.0
PROP1956,Hyderabad,Urban,Rent,3BHK,,40900.0
PROP1957,Pune,Urban,Sale,1BHK,4699000.0,
PROP1958,Pune,URBAN,Rent,1BHK,,19800.0
PROP1959,Bangalore,Urban,Sale,3BHK,19809000.0,
PROP1960,Chennai,urban,Sale,4BHK,35708000.0,
PROP1963,Lucknow,RURAL,rent,1BHK,,7500.0
PROP1964,Patna,Rural,Rent,2 BHK,,17200.0
PROP1965,Chennai,Urban,,3BHK,,35200.0
PROP1967,Jaipur,Rural,Rent,1BHK,,10000.0
PROP1968,Coimbatore,Rural,Rent,1BHK,,5600.0
PROP1969,Chennai,Urban,Sale,2BHK,22234000.0,
PROP1970,Nashik,Rural,Rent,3BHK,,27700.0
PROP1971,Hyderabad,Urban,Sale,2BHK,9843000.0,
PROP1972,Delhi,urban,Sale,2 BHK,11861000.0,
PROP1973,Indore,rural,Sale,2BHK,4886000.0,
PROP1974,Jaipur,Rural,Sale,1BHK,3499000.0,
PROP1975,Chennai,urban,Rent,3 BHK,,85300.0
PROP1976,Mumbai,Urban,Sale,2bhk,12928000.0,
PROP1977,Kolkata,Urban,RENT,1BHK,,20300.0
PROP1978,Nashik,RURAL,Sale,2BHK,3891000.0,
PROP1980,Mumbai,Urban,Rent,2BHK,,35400.0
PROP1981,Lucknow,rural,Rent,4BHK,,26800.0
PROP1982,Kolkata,Urban,Rent,3BHK,,58300.0
PROP1983,Ahmedabad,urban,Rent,2BHK,,55800.0
PROP1984,Lucknow,rural,Rent,3BHK,,28400.0
PROP1985,Pune,Urban,RENT,2BHK,,27800.0
PROP1986,Patna,Rural,Rent,2BHK,,13300.0
PROP1987,Bhopal,Rural,Sale,3BHK,7597000.0,
PROP1988,Kolkata,Urban,Sale,1BHK,8298000.0,
PROP1989,Pune,Urban,RENT,2 BHK,,30100.0
PROP1990,Vadodara,Rural,sale,2BHK,3032000.0,
PROP1991,Bangalore,Urban,Rent,2BHK,,27400.0
PROP1992,Bangalore,Urban,RENT,,,52400.0
PROP1993,Patna,Rural,sale,2BHK,-7062000.0,
PROP1994,Vadodara,Rural,Sale,4BHK,13150000.0,
PROP1995,Bhopal,rural,Sale,1BHK,1394000.0,
PROP1997,Lucknow,Rural,rent,2BHK,,12400.0
PROP1998,Patna,RURAL,Rent,3BHK,,23800.0
PROP1999,Bangalore,Urban,RENT,1BHK,,29900.0
PROP2000,Coimbatore,Rural,Rent,2BHK,,11300.0
